,c_kincode,c_kin_pair1,c_kin_pair2,c_kin_pair_notes,c_kinrel_chn,c_kinrel,c_kinrel_alt,c_pick_sorting,c_upstep,c_dwnstep,c_marstep,c_colstep,c_kinrel_simplified
0,-10000,-10000.0,-10000.0,Not Applicable,非可用,Not Applicable,Not Applicable,10000.0,100.0,100.0,100.0,100.0,ZZZZZZZ
1,-1,-1.0,-1.0,,[missing data],[missing data],[missing data],10000.0,0.0,0.0,0.0,0.0,[missing data]
2,0,0.0,0.0,,未詳,U,undetermined,9999.0,99.0,99.0,99.0,99.0,U
3,2,303.0,303.0,,直系祖先,G-n,"G-n, lineal ancestor, generation unknown",50.0,99.0,0.0,0.0,0.0,G-n
4,3,301.0,-10000.0,,妻之直系祖先,WG-n,Ancestor of wife,150.0,99.0,0.0,1.0,0.0,WG-n
5,4,304.0,304.0,,同族長輩,K-n,"Lineage ancestor,  generation undefined",50.0,2.0,1.0,0.0,2.0,K-n
6,6,305.0,-10000.0,,妻之同族祖先,WK-n,"Wife's lineage ancestor, generation undefined",150.0,2.0,1.0,1.0,2.0,WK-n
7,8,301.0,-10000.0,,第一任妻之直系祖先,W1G-n,"W1G-n Wife's ancestor, generation undefined",9999.0,99.0,0.0,1.0,0.0,W1G-n
8,9,299.0,299.0,,四十三世祖,G-43,G-43,9999.0,43.0,0.0,0.0,0.0,G-43
9,10,298.0,298.0,,四十二世祖,G-42,G-42,9999.0,42.0,0.0,0.0,0.0,G-42
10,11,297.0,297.0,,三十八世祖,G-38,G-38,9999.0,38.0,0.0,0.0,0.0,G-38
11,12,296.0,296.0,,三十五世祖,G-35,G-35,9999.0,35.0,0.0,0.0,0.0,G-35
12,13,295.0,295.0,,三十世祖,G-30,G-30,9999.0,30.0,0.0,0.0,0.0,G-30
13,14,294.0,294.0,,二十七世祖,G-27,G-27,9999.0,27.0,0.0,0.0,0.0,G-27
14,15,293.0,293.0,,二十二世祖,G-22,G-22,9999.0,22.0,0.0,0.0,0.0,G-22
15,16,292.0,292.0,,十九世祖,G-19,G-19,9999.0,19.0,0.0,0.0,0.0,G-19
16,17,291.0,291.0,,十八世祖,G-18,G-18,9999.0,18.0,0.0,0.0,0.0,G-18
17,18,289.0,-10000.0,G+17H,妻之十七世祖,WG-17,WG-17,9999.0,17.0,0.0,1.0,0.0,WG-17
18,19,290.0,290.0,,十七世祖,G-17,G-17,9999.0,17.0,0.0,0.0,0.0,G-17
19,20,288.0,288.0,,十六世祖,G-16,G-16,9999.0,16.0,0.0,0.0,0.0,G-16
20,21,287.0,287.0,,十五世祖,G-15,G-15,9999.0,15.0,0.0,0.0,0.0,G-15
21,22,286.0,286.0,,十四世祖,G-14,G-14,9999.0,14.0,0.0,0.0,0.0,G-14
22,23,285.0,285.0,,十三世祖,G-13,G-13,9999.0,13.0,0.0,0.0,0.0,G-13
23,24,284.0,284.0,,十二世祖,G-12,G-12,9999.0,12.0,0.0,0.0,0.0,G-12
24,25,283.0,283.0,,十一世祖,G-11,G-11,9999.0,11.0,0.0,0.0,0.0,G-11
25,26,282.0,282.0,,十世祖,G-10,G-10,9999.0,10.0,0.0,0.0,0.0,G-10
26,27,280.0,280.0,,九世叔伯祖,G-9B,G-9B,9999.0,9.0,0.0,0.0,1.0,G-9B
27,28,281.0,281.0,,九世祖;太高曾祖,G-9,G-9,9999.0,9.0,0.0,0.0,0.0,G-9
28,29,279.0,279.0,,八世祖;太高祖,G-8,G-8,9999.0,8.0,0.0,0.0,0.0,G-8
29,30,278.0,278.0,,八世叔伯祖,G-8B,G-8B Brother of 8th generation ancestor,9999.0,8.0,0.0,0.0,1.0,G-8B
30,31,277.0,277.0,,七世祖;太曾祖,G-7,G-7,9999.0,7.0,0.0,0.0,0.0,G-7
31,32,276.0,-10000.0,G+7H,妻之七世祖,WG-7,WG-7,9999.0,7.0,0.0,1.0,0.0,WG-7
32,33,271.0,-1.0,BSSSSD,五世叔伯祖,FFFFFB,G-5B FFFFFB,9999.0,5.0,0.0,0.0,1.0,FFFFFB
33,34,-1.0,-10000.0,BG+6H,妻之六世叔伯祖,WG-6B,WG-6B,9999.0,6.0,0.0,1.0,1.0,WG-6B
34,36,272.0,272.0,,六世祖;太祖,G-6,G-6,9999.0,6.0,0.0,0.0,0.0,G-6
35,38,275.0,275.0,,同族六世祖,K-6,"Lineage kin, 6 generations earlier",9999.0,7.0,1.0,0.0,1.0,K-6
36,39,263.0,368.0,SSSD,高祖;四世祖,FFFF,FFFF,-6.0,4.0,0.0,0.0,0.0,FFFF
37,40,266.0,-10000.0,,妻之高祖,WFFFF,Wife's great great grandfather,9999.0,4.0,0.0,1.0,0.0,WFFFF
38,42,265.0,-1.0,SSDD,外高祖父,MFFF,MFFF,9999.0,4.0,0.0,0.0,0.0,MFFF
39,44,264.0,-10000.0,,妻之四世叔伯祖,WFFFFB,Brother of wife's great great grandfather,9999.0,4.0,0.0,1.0,1.0,WFFFFB
40,46,260.0,260.0,,同族四世祖,K-4,"Lineage kin, 4 generations earlier",9999.0,5.0,1.0,0.0,1.0,K-4
41,47,269.0,269.0,,同族五世祖,K-5,"Lineage kin, 5 generations earlier",9999.0,6.0,1.0,0.0,1.0,K-5
42,48,255.0,347.0,,曾祖,FFF,FFF,-5.0,3.0,0.0,0.0,0.0,FFF
43,49,256.0,-10000.0,,妻之曾祖,WFFF,WFFF,23.0,3.0,0.0,1.0,0.0,WFFF
44,50,253.0,418.0,BSSD,曾伯叔祖;從曾祖,FFFB,FFFB,9999.0,3.0,0.0,0.0,1.0,FFFB
45,51,254.0,-10000.0,,妻之曾叔伯祖,WFFFB,WFFFB,9999.0,3.0,0.0,1.0,1.0,WFFFB
46,52,252.0,-1.0,"SDS, SDD",外曾祖父,MFF,MFF,-9.0,3.0,0.0,0.0,0.0,MFF
47,56,256.0,-10000.0,,第二任妻之曾祖,W2FFF,W2FFF,9999.0,3.0,0.0,1.0,0.0,WFFF
48,57,256.0,-10000.0,,第三任妻之曾祖,W3FFF,W3FFF,9999.0,3.0,0.0,1.0,0.0,WFFF
49,58,259.0,-1.0,FBSSSD,曾祖之從兄弟;再從曾祖,FFFFBS,FFFFBS,,4.0,1.0,0.0,1.0,FFFFBS
50,59,256.0,-10000.0,,第一任妻之曾祖,W1FFF,W1FFF,9999.0,3.0,0.0,1.0,0.0,WFFF
51,61,261.0,-10000.0,,得許娶曾孫女,W%FFF,Great grandfather of betrothed,,3.0,0.0,1.0,0.0,WFFF
52,62,243.0,251.0,,祖父,FF,FF,-4.0,2.0,0.0,0.0,0.0,FF
53,63,244.0,-10000.0,,妻之祖父,WFF,WFF,22.0,2.0,0.0,1.0,0.0,WFF
54,64,240.0,459.0,,從祖;伯叔祖,FFB,FFB,9999.0,2.0,0.0,0.0,1.0,FFB
55,65,245.0,-10000.0,,妻之叔伯祖,WFFB,WFFB,9999.0,2.0,0.0,1.0,1.0,WFFB
56,66,238.0,372.0,,外祖父,MF,MF Mother's father,-7.0,2.0,0.0,0.0,0.0,MF
57,67,239.0,-10000.0,,岳母之父,WMF,WMF Wife's mothers's father,9999.0,2.0,0.0,1.0,0.0,WMF
58,70,248.0,-10000.0,,許妻以孫女,W%FF,Grandfather of Betrothed,9999.0,2.0,0.0,1.0,0.0,WFF
59,72,244.0,-10000.0,,第一任妻之祖,W1FF,W1FF,22.0,2.0,0.0,1.0,0.0,WFF
60,73,250.0,-1.0,LK+2(female),"族祖父;族父的父親,即祖父的堂兄弟",K-2(male),Lineage granduncle,9999.0,3.0,1.0,0.0,0.0,K-2(male)
61,74,244.0,-10000.0,,第二任妻之祖,W2FF,W2FF,22.0,2.0,0.0,1.0,0.0,WFF
62,75,180.0,176.0,,父,F,F Father,-1.0,1.0,0.0,0.0,0.0,F
63,76,181.0,-10000.0,,岳父,WF,WF,21.0,1.0,0.0,1.0,0.0,WF
64,77,179.0,366.0,,母舅,MB,MB Mother's brother,9999.0,1.0,0.0,0.0,1.0,MB
65,78,-1.0,-1.0,"WBDS,WBDD",外祖姑之夫;外祖父的姐妹之夫,MFZH,MFZH,9999.0,2.0,0.0,1.0,1.0,MFZH
66,79,177.0,330.0,,從父;伯叔父,FB,FB Father's brother,9999.0,1.0,0.0,0.0,1.0,FB
67,80,178.0,-10000.0,,妻之叔伯,WFB,WFB,9999.0,1.0,0.0,1.0,1.0,WFB
68,82,186.0,-10000.0,,嗣父,F*,"F* Father, adopting heir",-2.0,1.0,0.0,0.0,0.0,F
69,86,197.0,-10000.0,,許妻以女,W%F,Father of betrothed,200.0,1.0,0.0,1.0,0.0,WF
70,87,181.0,-10000.0,,第一任妻父,W1F,W1F Father of W1,21.0,1.0,0.0,1.0,0.0,WF
71,88,181.0,-10000.0,,第二任妻父,W2F,W2F,21.0,1.0,0.0,1.0,0.0,WF
72,90,178.0,-10000.0,,第一任妻之叔伯,W1FB,W1FB,9999.0,1.0,0.0,1.0,1.0,WFB
73,91,178.0,-10000.0,,第二任妻之叔伯,W2FB,W2FB,9999.0,1.0,0.0,1.0,1.0,WFB
74,92,181.0,-10000.0,,第三任妻父,W3F,W3F,9999.0,1.0,0.0,1.0,0.0,WF
75,93,210.0,471.0,FFBSSD,族姑,K-1(female),Lineage aunt,9999.0,2.0,1.0,0.0,1.0,K-1(female)
76,94,232.0,-10000.0,,妻之母舅,WMB,WMB Wife's mother's brother,9999.0,1.0,0.0,1.0,1.0,WMB
77,96,181.0,-10000.0,,第四任妻父,W4F,W4F,9999.0,1.0,0.0,1.0,0.0,WF
78,97,210.0,471.0,FFBSSD,族父,K-1(male),Lineage uncle,9999.0,2.0,1.0,0.0,1.0,K-1(male)
79,98,214.0,376.0,,繼父,F^,F^ Stepfather,-2.0,1.0,0.0,0.0,0.0,F
80,100,181.0,-10000.0,,妾之父,CF,Father of Consort,,1.0,0.0,1.0,0.0,CF
81,103,104.0,-1.0,BDH%M,兒子未婚妻之伯叔父,SW%FB,Son's troth's uncle,9999.0,1.0,1.0,1.0,1.0,SWFB
82,104,103.0,-1.0,SW%FZ,姪女未婚夫之父,BDH%F,Niece's troth's father,9999.0,1.0,1.0,1.0,1.0,BDHF
83,105,223.0,-10000.0,,妻之姨夫,WMZH,WMZH,9999.0,1.0,0.0,2.0,1.0,WMZH
84,107,436.0,227.0,,養父,F°,Adopting father,,1.0,0.0,0.0,0.0,F
85,111,180.0,176.0,,母,M,M Mother,-3.0,1.0,0.0,0.0,0.0,M
86,112,181.0,-10000.0,,第五任妻父,W5F,W5F,9999.0,1.0,0.0,1.0,0.0,WF
87,117,117.0,117.0,,姻親,A,Affinal kin,150.0,0.0,0.0,1.0,1.0,A
88,118,118.0,374.0,,兄弟,B,B Brother,1.0,0.0,0.0,0.0,1.0,B
89,119,119.0,-1.0,FBD,從兄弟;堂兄弟,FBS,FBS Father's brother's son,9999.0,1.0,1.0,0.0,1.0,FBS
90,121,405.0,-1.0,FZD,舅表兄弟,MBS,MBS,9999.0,1.0,1.0,0.0,1.0,MBS
91,125,126.0,169.0,,兄,B+,"B+  Brother, elder",2.0,0.0,0.0,0.0,1.0,B
92,126,125.0,164.0,,弟,B-,"B– Brother, younger",3.0,0.0,0.0,0.0,1.0,B
93,127,128.0,-1.0,MBD+,姑表弟,FZS-,FZS–,9999.0,1.0,1.0,0.0,1.0,FZS
94,128,127.0,-1.0,FZD-,舅表兄,MBS+,MBS+,9999.0,1.0,1.0,0.0,1.0,MBS
95,130,131.0,417.0,FBD+,從弟,FBS-,"FBS– Father's brother's son, younger",9999.0,1.0,1.0,0.0,1.0,FBS
96,131,130.0,416.0,FBD-,從兄,FBS+,"FBS+ Father's brother's son, elder",9999.0,1.0,1.0,0.0,1.0,FBS
97,132,133.0,-1.0,FFBSD+,再從弟,FFBSS-,FFBSS–,9999.0,2.0,2.0,0.0,1.0,FFBSS
98,133,132.0,-1.0,FFBSD-,再從兄,FFBSS+,FFBSS+,9999.0,2.0,2.0,0.0,1.0,FFBSS
99,134,-10000.0,135.0,Possibly 168,丈夫,H,H Husband,0.0,0.0,0.0,1.0,0.0,H
100,135,134.0,-10000.0,,妻子,W,W Wife,0.0,0.0,0.0,1.0,0.0,W
101,136,385.0,384.0,,姐夫,Z+H,"Z+H Sister, elder, husband of",4.0,0.0,0.0,1.0,1.0,ZH
102,137,159.0,-10000.0,,妻兄,WB+,WB+,17.0,0.0,0.0,1.0,1.0,WB
103,138,134.0,-10000.0,,第一任妻,W1,"W1 Wife, first",16.0,0.0,0.0,1.0,0.0,W
104,141,142.0,-1.0,WMZD,姨表姊妹之夫,MZDH,MZDH,9999.0,1.0,1.0,1.0,1.0,MZDH
105,142,141.0,-10000.0,,岳母之外甥;妻之姨表兄弟,WMZS,WMZS,9999.0,1.0,1.0,1.0,1.0,WMZS
106,143,144.0,462.0,,族兄,K+(male),"Lineage cousin, elder, male",9999.0,2.0,2.0,0.0,1.0,K+(male)
107,144,143.0,461.0,,族弟,K-(male),"Lineage cousin, younger, male",9999.0,2.0,2.0,0.0,1.0,K-(male)
108,147,147.0,147.0,,族人(輩分不詳),Kn,"Lineage kin, generation unknown",,2.0,2.0,1.0,1.0,Kn
109,149,447.0,447.0,,自謂...之後,G-n (claimed),Claimed agnatic ancestor,900.0,10.0,0.0,0.0,0.0,G-n (claimed)
110,150,151.0,382.0,,同母異父弟,B½-,"Younger half-brother, by the same mother",,0.0,0.0,0.0,1.0,B
111,151,150.0,438.0,,同母異父兄,B½+,"Elder half-brother, by the same mother",,0.0,0.0,0.0,1.0,B
112,152,162.0,-10000.0,,內兄弟;妻兄弟,WB,WB Wife's brother,17.0,0.0,0.0,1.0,1.0,WB
113,153,162.0,-10000.0,,第二任妻兄弟,W2B,W2B,17.0,0.0,0.0,1.0,1.0,WB
114,156,157.0,-10000.0,,妻之堂兄弟,WFBS,WFBS,9999.0,1.0,1.0,1.0,1.0,WFBS
115,157,156.0,-1.0,WFBD,堂姊妹之夫,FBDH,FBDH Father's brother's daughter's husband,9999.0,1.0,1.0,1.0,1.0,FBDH
116,158,159.0,-10000.0,,第二任妻兄,W2B+,W2B+,9999.0,0.0,0.0,1.0,1.0,WB
117,159,137.0,383.0,,妹夫,Z-H,Z–H Younger sister'shusband,4.0,0.0,0.0,1.0,1.0,ZH
118,162,152.0,386.0,,姊妹夫,ZH,ZH Sister's husband,4.0,0.0,0.0,1.0,1.0,ZH
119,163,134.0,-10000.0,,第二任妻,W2,W2,16.0,0.0,0.0,1.0,0.0,W
120,164,126.0,169.0,,姊,Z+,Z+,4.0,0.0,0.0,0.0,1.0,Z
121,165,126.0,169.0,,長兄,B1,"B1 Brother, eldest",2.0,0.0,0.0,0.0,1.0,B
122,166,125.0,164.0,,季弟,By,"By, Youngest brother",,0.0,0.0,0.0,1.0,B
123,167,167.0,-1.0,FFBSD,再從兄弟,FFBSS,FFBSS,9999.0,2.0,2.0,0.0,1.0,FFBSS
124,168,134.0,-10000.0,,妾,C,C Concubine,0.0,0.0,0.0,1.0,0.0,C
125,169,125.0,164.0,,妹,Z-,Z–,4.0,0.0,0.0,0.0,1.0,Z
126,170,170.0,381.0,,同母異父兄弟,B½,"B½ half-brothers, by the same mother",,0.0,0.0,0.0,1.0,B
127,171,172.0,379.0,,繼弟,B-^,"B–^ stepbrother, younger",3.0,0.0,0.0,0.0,1.0,B
128,172,171.0,380.0,,繼兄,B+^,"B+^ stepbrother,  elder",2.0,0.0,0.0,0.0,1.0,B
129,173,173.0,-10000.0,,連襟;妻姊妹之夫,WZH,WZH,20.0,0.0,0.0,2.0,1.0,WZH
130,176,75.0,111.0,,女兒,D,D,6.0,0.0,1.0,0.0,0.0,D
131,177,79.0,331.0,,從子;姪子,BS,BS Brother's son,9999.0,0.0,1.0,0.0,1.0,BS
132,178,80.0,558.0,WFZ,姪女之夫,BDH,BDH Brother's daughter's husband,9999.0,0.0,1.0,1.0,1.0,BDH
133,179,77.0,365.0,,外甥,ZS,ZS Sister's son,9999.0,0.0,1.0,0.0,1.0,ZS
134,180,75.0,111.0,,子,S,S Son,5.0,0.0,1.0,0.0,0.0,S
135,181,76.0,364.0,,女婿,DH,DH Daughter's husband,7.0,0.0,1.0,1.0,0.0,DH
136,182,75.0,111.0,,長子; 第一子,S1,"S1, Son, first",5.0,0.0,1.0,0.0,0.0,S
137,183,75.0,111.0,,次子,S2,S2,5.0,0.0,1.0,0.0,0.0,S
138,184,75.0,111.0,,三子,S3,S3,5.0,0.0,1.0,0.0,0.0,S
139,185,75.0,111.0,,四子,S4,S4,5.0,0.0,1.0,0.0,0.0,S
140,186,82.0,378.0,,過繼的嗣子,S*,"S* Son, adopted as heir",5.0,0.0,1.0,0.0,0.0,S
141,188,75.0,111.0,,季子,Sn,"Sy, Youngest known son",5.0,0.0,1.0,0.0,0.0,S
142,191,75.0,111.0,,五子,S5,S5,5.0,0.0,1.0,0.0,0.0,S
143,193,75.0,111.0,,獨子,S (only son),S (only son),9999.0,0.0,1.0,0.0,0.0,S
144,194,75.0,111.0,,六子,S6,S6,9999.0,0.0,1.0,0.0,0.0,S
145,195,75.0,111.0,,十子,S10,S10,9999.0,0.0,1.0,0.0,0.0,S
146,196,75.0,111.0,,七子,S7,S7,9999.0,0.0,1.0,0.0,0.0,S
147,197,86.0,-1.0,W%M,得許娶其女,DH%,DH%  Betrothed of D,200.0,0.0,1.0,1.0,0.0,DH
148,198,75.0,111.0,,唯一幸存的兒子,S (only surviving son),S(surviving) only survivng son,9999.0,0.0,1.0,0.0,0.0,S
149,199,75.0,111.0,,八子,S8,S8,9999.0,0.0,1.0,0.0,0.0,S
150,201,76.0,364.0,,第二任女婿,DH2,DH2,9999.0,0.0,1.0,1.0,0.0,DH
151,202,75.0,111.0,,二十五子,S25,S25,9999.0,0.0,1.0,0.0,0.0,S
152,204,75.0,111.0,,庶子,CS,CS Concubine's son,5.0,0.0,1.0,0.0,0.0,CS
153,205,75.0,111.0,,十三子,S13,S13,9999.0,0.0,1.0,0.0,0.0,S
154,206,75.0,111.0,,九子,S9,S9,9999.0,0.0,1.0,0.0,0.0,S
155,207,75.0,111.0,,十一子,S11,S11,9999.0,0.0,1.0,0.0,0.0,S
156,210,97.0,93.0,,族子,K+1(male),Lineage nephew,9999.0,1.0,2.0,0.0,1.0,K+1(male)
157,211,75.0,111.0,,二十子,S20,S20,9999.0,0.0,1.0,0.0,0.0,S
158,212,75.0,111.0,,十七子,S17,S17,9999.0,0.0,1.0,0.0,0.0,S
159,213,75.0,111.0,,二十三子,S23,S23,9999.0,0.0,1.0,0.0,0.0,S
160,214,98.0,375.0,,繼子,S^,"S^ Son, stepson",5.0,0.0,1.0,0.0,0.0,S
161,220,75.0,111.0,,幸存的長子,S (eldest surviving son),S(eldest surviving),9999.0,0.0,5.0,0.0,0.0,S
162,221,75.0,111.0,,十二子,S12,S12,9999.0,0.0,1.0,0.0,0.0,S
163,222,75.0,111.0,,二十四子,S24,S24,9999.0,0.0,1.0,0.0,0.0,S
164,223,105.0,-10000.0,,妻之甥女婿,WZDH,WZDH,9999.0,0.0,1.0,2.0,1.0,WZDH
165,224,76.0,364.0,,第一任女婿,DH1,DH1 Daughter's first husband,9999.0,0.0,1.0,1.0,0.0,DH
166,226,363.0,377.0,,私生子,S!,S! Bastard son,9999.0,0.0,1.0,0.0,0.0,S
167,227,107.0,437.0,,養女,D°,"Daughter, adopted",6.0,0.0,1.0,0.0,0.0,D
168,229,75.0,111.0,,十六子,S16,S16,9999.0,0.0,1.0,0.0,0.0,S
169,230,75.0,111.0,,二女,D2,D2,6.0,0.0,1.0,0.0,0.0,D
170,231,75.0,111.0,,二十二子,S22,S22,9999.0,0.0,1.0,0.0,0.0,S
171,232,94.0,-1.0,WMZ,甥女婿;姊妹之女婿,ZDH,ZDH Sister's daughter's husband,9999.0,0.0,1.0,1.0,1.0,ZDH
172,234,75.0,111.0,,十五子,S15,S15,9999.0,0.0,1.0,0.0,0.0,S
173,235,75.0,111.0,,二十一子,S21,S21,9999.0,0.0,1.0,0.0,0.0,S
174,238,66.0,371.0,,外孫,DS,DS Daughter's son,8.0,0.0,2.0,0.0,0.0,DS
175,239,67.0,-1.0,WMM,外孫女婿,DDH,DDH,9999.0,0.0,2.0,1.0,0.0,DDH
176,240,64.0,469.0,,姪孫;從孫,BSS,BSS BG+2,9999.0,0.0,2.0,0.0,1.0,BSS
177,243,62.0,370.0,,孫,SS,SS Son's son,8.0,0.0,2.0,0.0,0.0,SS
178,244,63.0,-1.0,WFM,孫女婿,SDH,SDH,8.0,0.0,2.0,1.0,0.0,SDH
179,245,65.0,-10000.0,,姪孫女之夫,BSDH,Grandniece's husband,9999.0,0.0,2.0,1.0,1.0,BSDH
180,248,70.0,-1.0,W%FM,得許娶其孫女,SDH%,SDH%   Betrothed of SD,200.0,0.0,2.0,1.0,0.0,SDH
181,250,73.0,460.0,,族孫,K+2(male),Lineage grandnephew,9999.0,1.0,3.0,0.0,1.0,K+2(male)
182,251,62.0,370.0,,孫女,SD,SD Son's daughter,8.0,0.0,2.0,0.0,0.0,SD
183,252,52.0,-1.0,"MMF,MMM",外孫女之子,DDS,DDS,9999.0,0.0,3.0,0.0,0.0,DDS
184,253,50.0,470.0,,曾姪孫;從曾孫,BSSS,BSSS BG+3,9999.0,0.0,3.0,0.0,1.0,BSSS
185,254,51.0,-1.0,WFFFZ,曾姪孫女婿,BSSDH,BSSDH,9999.0,0.0,3.0,1.0,1.0,BSSDH
186,255,48.0,369.0,,曾孫; 重孫,SSS,SSS,9.0,0.0,3.0,0.0,0.0,SSS
187,256,49.0,-1.0,WFFM,曾孫女婿,SSDH,SSDH,9999.0,0.0,3.0,1.0,0.0,SSDH
188,259,58.0,-1.0,FFFFBD,再從曾孫;堂姪曾孫,FBSSSS,FBSSSS,9999.0,1.0,4.0,0.0,1.0,FBSSSS
189,260,46.0,46.0,,同族四世孫,K+4,"Lineage kin, 4 generations later",9999.0,1.0,5.0,0.0,1.0,K+4
190,261,61.0,-1.0,From 261,許妻以曾孫女,SSDH%,Betrothed of SSD,9999.0,0.0,3.0,1.0,0.0,SSDH
191,263,39.0,367.0,,玄孫;四世孫,SSSS,SSSS,9999.0,0.0,4.0,0.0,0.0,SSSS
192,264,44.0,-1.0,"WFFFFB,WFFFFZ",從玄孫女婿,BSSSDH,BSSSDH,9999.0,0.0,4.0,1.0,1.0,BSSSDH
193,265,42.0,-1.0,MFFM,曾孫女之子,SSDS,SSDS,9999.0,0.0,4.0,0.0,0.0,SSDS
194,266,40.0,-1.0,WFFFM,玄孫女婿,SSSDH,SSSDH,9999.0,0.0,4.0,1.0,0.0,SSSDH
195,269,47.0,47.0,,同族五世孫,K+5,"Lineage kin, 5 generations later",9999.0,1.0,6.0,0.0,1.0,K+5
196,270,-1.0,-1.0,"WFFFFFB,WFFFFFZ",從來孫女婿,BSSSSDH,BSSSSDH,9999.0,0.0,5.0,1.0,1.0,BSSSSDH
197,271,33.0,-1.0,FFFFFZ,從來孫,BSSSSS,BG+5  Brother's 5th generation lineal descendant,9999.0,0.0,5.0,0.0,1.0,BSSSSS
198,272,36.0,-1.0,G-6W,六世孫;昆孫,G+6,G+6,9999.0,6.0,0.0,0.0,0.0,G+6
199,275,38.0,38.0,,同族六世孫,K+6,"Lineage kin, 6 generations later",9999.0,1.0,7.0,0.0,1.0,K+6
200,276,32.0,-1.0,WG-7W,七世孫婿,G+7H,G+7H Husband of 7th generation lineal descendant,9999.0,7.0,0.0,1.0,0.0,G+7H
201,277,31.0,-1.0,G-7W,七世孫;仍孫,G+7,G+7,9999.0,7.0,0.0,0.0,0.0,G+7
202,278,30.0,-1.0,G-8Z,兄弟之八世孫,BG+8,BG+8,9999.0,8.0,0.0,0.0,1.0,BG+8
203,279,29.0,-1.0,G-8W,八世孫;雲孫,G+8,G+8,9999.0,8.0,0.0,0.0,0.0,G+8
204,280,27.0,-1.0,G-9Z,兄弟之九世孫,BG+9,BG+9,9999.0,9.0,0.0,0.0,1.0,BG+9
205,281,28.0,-1.0,G-9W,九世孫,G+9,G+9,9999.0,9.0,0.0,0.0,0.0,G+9
206,282,26.0,-1.0,G-10W,十世孫,G+10,G+10,9999.0,10.0,0.0,0.0,0.0,G+10
207,283,25.0,-1.0,G-11W,十一世孫,G+11,G+11,9999.0,11.0,0.0,0.0,0.0,G+11
208,284,24.0,-1.0,G-12W,十二世孫,G+12,G+12,9999.0,12.0,0.0,0.0,0.0,G+12
209,285,23.0,-1.0,G-13W,十三世孫,G+13,G+13,9999.0,13.0,0.0,0.0,0.0,G+13
210,286,22.0,-1.0,G-14W,十四世孫,G+14,G+14,9999.0,14.0,0.0,0.0,0.0,G+14
211,287,21.0,-1.0,G-15W,十五世孫,G+15,G+15,9999.0,15.0,0.0,0.0,0.0,G+15
212,288,20.0,-1.0,G-16W,十六世孫,G+16,G+16,9999.0,16.0,0.0,0.0,0.0,G+16
213,289,18.0,-1.0,WG-17W,十七世孫婿,G+17H,G+17H,9999.0,17.0,0.0,1.0,0.0,G+17H
214,290,19.0,-1.0,G-17W,十七世孫,G+17,G+17,9999.0,17.0,0.0,0.0,0.0,G+17
215,291,17.0,-1.0,G-18W,十八世孫,G+18,G+18,9999.0,18.0,0.0,0.0,0.0,G+18
216,292,16.0,-1.0,G-19W,十九世孫,G+19,G+19,9999.0,19.0,0.0,0.0,0.0,G+19
217,293,15.0,-1.0,G-22W,二十二世孫,G+22,G+22,9999.0,22.0,0.0,0.0,0.0,G+22
218,294,14.0,-1.0,G-27W,二十七世孫,G+27,G+27,9999.0,27.0,0.0,0.0,0.0,G+27
219,295,13.0,-1.0,G-30W,三十世孫,G+30,G+30,9999.0,30.0,0.0,0.0,0.0,G+30
220,296,12.0,-1.0,G-35W,三十五世孫,G+35,G+35,9999.0,35.0,0.0,0.0,0.0,G+35
221,297,11.0,-1.0,G-38W,三十八世孫,G+38,G+38,9999.0,38.0,0.0,0.0,0.0,G+38
222,298,10.0,-1.0,G-42W,四十二世孫,G+42,G+42,9999.0,42.0,0.0,0.0,0.0,G+42
223,299,9.0,-1.0,G-43W,四十三世孫,G+43,G+43,9999.0,43.0,0.0,0.0,0.0,G+43
224,301,3.0,3.0,,直系後裔之夫,G+nH,"G+nH Husband of a lineal descendant, generation undefined",9999.0,0.0,99.0,1.0,0.0,G+nH
225,303,2.0,2.0,,直系後裔,G+n,"G+n, lineal descendant, generation undefined",50.0,0.0,99.0,0.0,0.0,G+n
226,304,4.0,4.0,,同族晚輩,K+n,"Lineage descendant, generation undefined",50.0,2.0,2.0,0.0,1.0,K+n
227,305,6.0,6.0,,同族晚輩之夫,K+nH,"Husband of lineage descendant, generation undefined",9999.0,2.0,2.0,1.0,1.0,K+nH
228,307,75.0,111.0,,十四子,S14,S14,9999.0,0.0,1.0,0.0,0.0,S
229,308,157.0,-10000.0,,第一任妻之堂兄弟,W1FBS,W1FBS,9999.0,1.0,1.0,1.0,1.0,WFBS
230,309,157.0,-10000.0,,第二任妻之堂兄弟,W2FBS,W2FBS,9999.0,1.0,1.0,1.0,1.0,WFBS
231,312,244.0,-10000.0,,第三任妻之祖,W3FF,W3FF,9999.0,2.0,0.0,1.0,0.0,WFF
232,315,178.0,-10000.0,,妾之叔伯,CFB,Concubine's father's brother,,1.0,0.0,1.0,1.0,CFB
233,320,321.0,-10000.0,,妻之族兄弟姊妹,WK,Wife's lineage cousin,,2.0,2.0,1.0,1.0,WK
234,321,320.0,320.0,,族姊妹之夫,KH,Lineage cousin's husband,,2.0,2.0,1.0,1.0,KH
235,323,162.0,-10000.0,,妾之兄弟,CB,Concubine's brother,,0.0,0.0,1.0,1.0,CB
236,325,325.0,419.0,,族兄弟,K(male),Lineage cousin,9999.0,2.0,2.0,0.0,1.0,K(male)
237,326,75.0,111.0,,十九子,S19,S19,9999.0,0.0,1.0,0.0,0.0,S
238,327,75.0,111.0,,長女,D1,"D1 Daughter, first",6.0,0.0,1.0,0.0,0.0,D
239,329,75.0,111.0,,三女,D3,D3,6.0,0.0,1.0,0.0,0.0,D
240,330,79.0,331.0,,從女;姪女,BD,BD1  Brother's daughter,9999.0,0.0,1.0,0.0,1.0,BD
241,331,177.0,330.0,,姑母,FZ,Father's sister,9999.0,1.0,0.0,0.0,1.0,FZ
242,332,76.0,364.0,,長女婿,D1H,D1H First daughter's husband,7.0,0.0,1.0,1.0,0.0,DH
243,333,76.0,364.0,,二女婿,D2H,D2H,7.0,0.0,1.0,1.0,0.0,DH
244,334,75.0,111.0,,四女,D4,D4,9999.0,0.0,1.0,0.0,0.0,D
245,335,75.0,111.0,,五女,D5,D5,9999.0,0.0,1.0,0.0,0.0,D
246,336,76.0,364.0,,四女婿,D4H,D4H,9999.0,0.0,1.0,1.0,0.0,DH
247,337,76.0,364.0,,五女婿,D5H,D5H,9999.0,0.0,1.0,1.0,0.0,DH
248,338,76.0,364.0,,三女婿,D3H,D3H,7.0,0.0,1.0,1.0,0.0,DH
249,339,75.0,111.0,,十八子,S18,S18,9999.0,0.0,1.0,0.0,0.0,S
250,340,360.0,-1.0,G-46W,四十六世孫,G+46,G+46,9999.0,46.0,0.0,0.0,0.0,G+46
251,341,342.0,-10000.0,,未婚妻,W%,W%  Betrothed maiden,200.0,0.0,0.0,1.0,0.0,W
252,342,-10000.0,341.0,,未婚夫,H%,H%  Betrothed lad,200.0,0.0,0.0,1.0,0.0,H
253,343,75.0,111.0,,獨女,D (only daughter),D (only daughter),9999.0,0.0,1.0,0.0,0.0,D
254,344,134.0,-10000.0,,第三任妻,W3,W3,9999.0,0.0,0.0,1.0,0.0,W
255,345,-10000.0,135.0,Possibly 168,第一任丈夫,H1,"H1 Husband, first",9999.0,0.0,0.0,1.0,0.0,H
256,346,-10000.0,135.0,Possibly 168,第二任丈夫,H2,H2,9999.0,0.0,0.0,1.0,0.0,H
257,347,48.0,369.0,,曾孫女,SSD,SSD,9999.0,0.0,3.0,0.0,0.0,SSD
258,348,349.0,349.0,,二十三世祖,G-23,G-23,9999.0,23.0,0.0,0.0,0.0,G-23
259,349,348.0,-1.0,G-23W,二十三世孫,G+23,G+23,9999.0,0.0,23.0,0.0,0.0,G+23
260,350,351.0,351.0,,二十世祖,G-20,G-20,9999.0,20.0,0.0,0.0,0.0,G-20
261,351,350.0,-1.0,G-20W,二十世孫,G+20,G+20,9999.0,0.0,20.0,0.0,0.0,G+20
262,352,353.0,353.0,,二十一世祖,G-21,G-21,9999.0,21.0,0.0,0.0,0.0,G-21
263,353,352.0,-1.0,G-21W,二十一世孫,G+21,G+21,9999.0,0.0,21.0,0.0,0.0,G+21
264,354,355.0,355.0,,三十六世祖,G-36,G-36,9999.0,36.0,0.0,0.0,0.0,G-36
265,355,354.0,-1.0,G-36W,三十六世孫,G+36,G+36,9999.0,0.0,36.0,0.0,0.0,G+36
266,356,76.0,364.0,,六女婿,D6H,D6H,9999.0,0.0,1.0,1.0,0.0,DH
267,357,76.0,364.0,,七女婿,D7H,D7H,9999.0,0.0,1.0,1.0,0.0,DH
268,358,76.0,364.0,,八女婿,D8H,D8H,9999.0,0.0,1.0,1.0,0.0,DH
269,359,76.0,364.0,,九女婿,D9H,D9H,9999.0,0.0,1.0,1.0,0.0,DH
270,360,340.0,340.0,,四十六世祖,G-46,G-46,9999.0,46.0,0.0,0.0,0.0,G-46
271,361,362.0,361.0,,繼姊妹,Z^,Z^ Stepsister,4.0,0.0,0.0,0.0,1.0,Z
272,362,362.0,361.0,,繼兄弟,B^,B^ Stepbrother,1.0,0.0,0.0,0.0,1.0,B
273,363,226.0,373.0,,私生子之本生父,F!,F! Father of bastard,900.0,1.0,1.0,0.0,0.0,F
274,364,181.0,-10000.0,,岳母,WM,WM Wife's mother,21.0,1.0,0.0,1.0,0.0,WM
275,365,179.0,366.0,,姨;從母,MZ,MZ Mother's sister,20.0,1.0,0.0,0.0,1.0,MZ
276,366,77.0,365.0,,甥女,ZD,ZD Sister's daughter,10000.0,0.0,1.0,0.0,1.0,ZD
277,367,263.0,368.0,,高祖母,FFFM,FFFM,-6.0,4.0,0.0,0.0,0.0,FFFM
278,368,39.0,263.0,,玄孫女,SSSD,SSSD,10000.0,0.0,4.0,0.0,0.0,SSSD
279,369,255.0,347.0,,曾祖母,FFM,FFM same as FFFW,-5.0,3.0,0.0,0.0,0.0,FFM
280,370,243.0,251.0,,祖母,FM,FM,-4.0,2.0,0.0,0.0,0.0,FM
281,371,238.0,372.0,,外祖母,MM,MM Mother's mother,-8.0,2.0,0.0,0.0,0.0,MM
282,372,66.0,371.0,,外孫女,DD,DD Daughter's daughter,8.0,0.0,2.0,0.0,0.0,DD
283,373,363.0,377.0,,私生女,D!,D! Bastard daughter,10000.0,0.0,1.0,0.0,0.0,D
284,374,118.0,374.0,,姊妹,Z,Z Sister,4.0,0.0,0.0,0.0,1.0,Z
285,375,214.0,376.0,,繼母,M^,M^ Stepmother,10000.0,1.0,0.0,0.0,0.0,M
286,376,98.0,375.0,,繼女,D^,"D^ Daughter, stepdaughter",10000.0,0.0,1.0,0.0,0.0,D
287,377,226.0,373.0,,私生子女之本生母,M!,M! Mother of a bastard,10000.0,1.0,1.0,0.0,0.0,M
288,378,186.0,227.0,,嗣母,M*,"M* Mother, adopting heir",-3.0,1.0,0.0,0.0,0.0,M
289,379,171.0,380.0,,繼姊,Z+^,"Z+^ Stepsister, elder,",10000.0,0.0,0.0,0.0,1.0,Z
290,380,172.0,379.0,,繼妹,Z-^,"Z–^ Stepsister, younger",10000.0,0.0,0.0,0.0,1.0,Z
291,381,170.0,381.0,,同母異父姊妹,Z½,"Z½ half-sister, by the same mother",10000.0,0.0,0.0,0.0,1.0,Z
292,382,150.0,438.0,,同母異父姊,Z½+,"Elder half-sister, by the same mother",,0.0,0.0,0.0,1.0,Z
293,383,159.0,-10000.0,,妻姊,WZ+,WZ+,10000.0,0.0,0.0,1.0,1.0,WZ
294,384,136.0,-10000.0,,妻妹,WZ-,WZ–,10000.0,0.0,0.0,1.0,1.0,WZ
295,385,136.0,-10000.0,,妻弟,WB-,WB–,10000.0,0.0,0.0,1.0,1.0,WB
296,386,162.0,-10000.0,,妻之姊妹,WZ,WZ Wife's sister,10000.0,0.0,0.0,1.0,1.0,WZ
297,387,388.0,388.0,,五十世祖,G-50,G-50,10000.0,50.0,0.0,0.0,0.0,G-50
298,388,387.0,-1.0,G-48W,五十世孫,G+50,G+50,,0.0,50.0,0.0,0.0,G+50
299,389,390.0,390.0,,四十七世祖,G-47,G-47,10000.0,47.0,0.0,0.0,0.0,G-47
300,390,389.0,-1.0,G-47W,四十七世孫,G+47,G+47,10000.0,0.0,47.0,0.0,0.0,G+47
301,391,392.0,392.0,,四十五世祖,G-45,G-45,10000.0,45.0,0.0,0.0,0.0,G-45
302,392,391.0,-1.0,G-45W,四十五世孫,G+45,G+45,10000.0,0.0,45.0,0.0,0.0,G+45
303,393,394.0,394.0,,四十四世祖,G-44,G-44,10000.0,44.0,0.0,0.0,0.0,G-44
304,394,393.0,-1.0,G-44W,四十四世孫,G+44,G+44,10000.0,0.0,44.0,0.0,0.0,G+44
305,395,-10000.0,396.0,,翁;公公;丈夫之父,HF,HF,10000.0,1.0,0.0,1.0,0.0,HF
306,396,395.0,399.0,,子婦;兒媳,SW,SW,10000.0,0.0,1.0,1.0,0.0,SW
307,397,398.0,398.0,,五世祖;高曾祖,G-5,G-5 5th generation ancestor,10000.0,5.0,0.0,0.0,0.0,G-5
308,398,397.0,-1.0,G-5W,五世孫;來孫,G+5,G+5 5th generation lineal descendant,10000.0,0.0,5.0,0.0,0.0,G+5
309,399,-10000.0,396.0,,丈夫之母;婆婆,HM,HM,,1.0,0.0,1.0,0.0,HM
310,400,434.0,435.0,,伯叔母,FBW,FBW Father's brother's wife,10000.0,1.0,0.0,1.0,1.0,FBW
311,401,426.0,-10000.0,,妻之從子,WBS,Wife's brother's son,10000.0,0.0,1.0,1.0,1.0,WBS
312,402,426.0,-10000.0,,妻之從女,WBD,Wife's brother's daughter,10000.0,0.0,1.0,1.0,1.0,WBD
313,403,410.0,413.0,,表兄,P+(male),FZS+ or MBS+ or MZS+,10000.0,1.0,1.0,0.0,1.0,P+(male)
314,404,415.0,-1.0,MBD-,姑表兄,FZS+,FZS+,10000.0,1.0,1.0,0.0,1.0,FZS
315,405,121.0,-1.0,MBD,姑表兄弟,FZS,FZS,10000.0,1.0,1.0,0.0,1.0,FZS
316,406,406.0,431.0,,姨表兄弟,MZS,MZS,10000.0,1.0,1.0,0.0,1.0,MZS
317,407,408.0,-1.0,MZD+,姨表弟,MZS-,MZS-,10000.0,1.0,1.0,0.0,1.0,MZS
318,408,407.0,-1.0,MZD-,姨表兄,MZS+,MZS+,10000.0,1.0,1.0,0.0,1.0,MZS
319,410,403.0,412.0,,表弟,P-(male),FZS- or MBS- or MZS-,10000.0,1.0,1.0,0.0,1.0,P-(male)
320,411,411.0,414.0,,表兄弟,P(male),FZS or MBS or MZS,10000.0,1.0,1.0,0.0,1.0,P(male)
321,412,410.0,413.0,,表姐,P+(female),FZD+ or MBD+ or MZD+,10000.0,1.0,1.0,0.0,1.0,P+(female)
322,413,403.0,412.0,,表妹,P-(female),FZD– or MBD– or MZD-,10000.0,1.0,1.0,0.0,1.0,P-(female)
323,414,411.0,414.0,,表姐妹,P(female),FZD or MBD or MZD,10000.0,1.0,1.0,0.0,1.0,P(female)
324,415,404.0,-1.0,FZD+,舅表弟,MBS-,MBS–,10000.0,1.0,1.0,0.0,1.0,MBS
325,416,131.0,417.0,,從妹,FBD-,"FBD– Father's brother's daughter, younger",10000.0,1.0,1.0,0.0,1.0,FBD
326,417,130.0,416.0,,從姊,FBD+,"FBD+ Father's brother's daughter, elder",10000.0,1.0,1.0,0.0,1.0,FBD
327,418,50.0,470.0,,曾姪孫女,BSSD,BSSD,10000.0,0.0,3.0,0.0,1.0,BSSD
328,419,325.0,419.0,,族姊妹,K(female),"Lineage cousin, female",10000.0,2.0,2.0,0.0,1.0,K(female)
329,420,180.0,176.0,,嫡母,M~,"M~ Mother, nominal; legitimate wife as nominal mother to children of concubine",10000.0,1.0,0.0,0.0,0.0,M
330,421,422.0,-1.0,,表姪,P+1(male),FZSS or MBSS or MZSS,,1.0,2.0,0.0,1.0,P+1(male)
331,422,421.0,-1.0,,表叔伯,P-1(male),FMBS or FFZS or  FMZS,,2.0,1.0,0.0,1.0,P-1(male)
332,423,-10000.0,424.0,,夫之姐妹,HZ,HZ Sister of husband,,0.0,0.0,1.0,1.0,HZ
333,424,425.0,423.0,,兄弟之妻,BW,BW Brother's wife,,0.0,0.0,1.0,1.0,BW
334,425,-10000.0,424.0,,夫之兄弟,HB,HB,,0.0,0.0,1.0,1.0,HB
335,426,401.0,402.0,,姑父,FZH,FZH,,1.0,0.0,1.0,1.0,FZH
336,427,428.0,-1.0,ZSD,舅公;父或母之舅,FMB,FMB,,2.0,0.0,0.0,1.0,FMB
337,428,427.0,-1.0,FMZ,甥孫,ZSS,ZSS,,0.0,2.0,0.0,1.0,ZSS
338,429,430.0,-1.0,BDD,外祖父之兄弟,MFB,MFB,,2.0,0.0,0.0,1.0,MFB
339,430,429.0,-1.0,MFZ,弟之外孫,BDS,BDS Brother's daughter's son,,0.0,2.0,0.0,1.0,BDS
340,431,406.0,431.0,,姨表姊妹;從母妹,MZD,MZD,,1.0,1.0,0.0,1.0,MZD
341,432,433.0,-1.0,DSD,父之外祖,FMF,FMF,,3.0,0.0,0.0,0.0,FMF
342,433,432.0,-1.0,FMM,外孫之子,DSS,DSS,,0.0,3.0,0.0,0.0,DSS
343,434,-10000.0,400.0,,夫之從子,HBS,Husband's brother's son,,0.0,1.0,1.0,1.0,HBS
344,435,-10000.0,400.0,,夫之從女,HBD,Husband's brother's daughter,,0.0,1.0,1.0,1.0,HBD
345,436,107.0,437.0,,養子(非嗣子),S°,"Son, adopted (not as heir)",,0.0,1.0,0.0,0.0,S
346,437,436.0,227.0,,養母,M°,Adopting mother,,1.0,0.0,0.0,0.0,M
347,438,151.0,382.0,,同母異父妹,Z½-,"Younger half-sister, by the same mother",,0.0,0.0,0.0,1.0,Z
348,439,440.0,-1.0,FM*,過繼的嗣孫,SS*,"Grandson, adopted as heir",,0.0,2.0,0.0,0.0,SS
349,440,439.0,-10000.0,,嗣祖父,FF*,"Grandfather, adopting heir",,2.0,0.0,0.0,0.0,FF
350,443,444.0,-1.0,LK-3(female),族曾孫,K+3(male),Lineage great grandnephew,,1.0,4.0,0.0,1.0,K+3(male)
351,444,443.0,-1.0,LK+3(female),族曾祖,K-3(male),Lineage great granduncle,,4.0,1.0,0.0,1.0,K-3(male)
352,445,446.0,-1.0,FFFBD,再從孫;堂姪孫,FBSSS,Father's brother's great grandson,9999.0,1.0,3.0,0.0,1.0,FBSSS
353,446,445.0,-1.0,FBSSD,祖父之從兄弟;再從祖,FFFBS,FFFBS,,3.0,1.0,0.0,1.0,FFFBS
354,447,149.0,149.0,,後裔(自稱),G+n (claimed),Self-claimed agnatic descendant,,0.0,99.0,0.0,0.0,G+n (claimed)
355,450,75.0,111.0,,十三女,D13,D13,6.0,0.0,1.0,0.0,0.0,D
356,451,75.0,111.0,,六女,D6,D6,6.0,0.0,1.0,0.0,0.0,D
357,452,75.0,111.0,,七女,D7,D7,6.0,0.0,1.0,0.0,0.0,D
358,453,75.0,111.0,,八女,D8,D8,6.0,0.0,1.0,0.0,0.0,D
359,454,75.0,111.0,,九女,D9,D9,6.0,0.0,1.0,0.0,0.0,D
360,455,75.0,111.0,,十女,D10,D10,6.0,0.0,1.0,0.0,0.0,D
361,456,75.0,111.0,,十一女,D11,D11,6.0,0.0,1.0,0.0,0.0,D
362,457,75.0,111.0,,十二女,D12,D12,6.0,0.0,1.0,0.0,0.0,D
363,458,75.0,111.0,,十四女,D14,D14,6.0,0.0,1.0,0.0,0.0,D
364,459,64.0,469.0,,姪孫女,BSD,BSD Brother's son's daughter,9999.0,0.0,2.0,0.0,1.0,BSD
365,460,250.0,-1.0,LK+2(female),族祖姑,K-2(female),Lineage grandaunt,,3.0,1.0,0.0,1.0,K-2(female)
366,461,144.0,462.0,,族姊,K+(female),"Lineage cousin, elder, female",,2.0,2.0,0.0,1.0,K+(female)
367,462,143.0,461.0,,族妹,K-(female),"Lineage cousin, younger, female",,2.0,2.0,0.0,1.0,K-(female)
368,464,465.0,466.0,,孫之妻  ,SSW  ,SSW  ,,0.0,2.0,1.0,0.0,SSW  
369,465,-10000.0,464.0,,夫之祖父  ,HFF  ,HFF  ,,2.0,0.0,1.0,0.0,HFF  
370,466,-10000.0,464.0,,夫之祖母  ,HFM  ,HFM  ,,2.0,0.0,1.0,0.0,HFM  
371,467,134.0,-10000.0,,第四任妻  ,W4,W4,,0.0,0.0,1.0,0.0,W
372,468,180.0,176.0,,庶母  ,M(C),M(C) Mother who is concubine,,1.0,0.0,0.0,0.0,M
373,469,240.0,459.0,,祖姑  ,FFZ  ,FFZ  ,,2.0,0.0,0.0,1.0,FFZ  
374,470,253.0,418.0,,曾祖姑  ,FFFZ  ,FFFZ  ,,3.0,0.0,0.0,1.0,FFFZ  
375,471,97.0,93.0,,族女  ,K+1(female),Lineage niece,,1.0,2.0,0.0,1.0,K+1(female)
376,472,303.0,303.0,,始祖;始遷祖,G-n (apical),Apical ancestor,,99.0,0.0,0.0,0.0,G-n (apical)
377,473,474.0,-1.0,G-6BW,六世從孫; 姪昆孫,BG+6,Brother's 6th generation descendant,9999.0,0.0,6.0,0.0,1.0,BG+6
378,474,473.0,473.0,,太伯叔祖;六世叔伯祖,G-6B,brother of 6th generation ancestor,9999.0,6.0,0.0,0.0,1.0,G-6B
379,475,476.0,-1.0,G-7BW,從七世孫,BG+7,Brother's 7th generation descendant,9999.0,0.0,7.0,0.0,1.0,BG+7
380,476,475.0,475.0,,七世伯叔祖,G-7B,brother of 7th generation ancestor,9999.0,7.0,0.0,0.0,1.0,G-7B
381,481,521.0,-1.0,HFFM,曾孫媳婦,SSSW,wife of great-great grandson,9999.0,0.0,3.0,1.0,0.0,SSSW
382,482,522.0,522.0,,二十四世祖,G-24,G-24,9999.0,24.0,0.0,0.0,0.0,G-24
383,483,523.0,523.0,,二十五世祖,G-25,G-25,9999.0,25.0,0.0,0.0,0.0,G-25
384,484,524.0,524.0,,二十六世祖,G-26,G-26,9999.0,26.0,0.0,0.0,0.0,G-26
385,485,525.0,525.0,,二十八世祖,G-28,G-28,9999.0,28.0,0.0,0.0,0.0,G-28
386,486,526.0,526.0,,二十九世祖,G-29,G-29,9999.0,29.0,0.0,0.0,0.0,G-29
387,487,527.0,527.0,,五十七世祖,G-57,G-57,9999.0,57.0,0.0,0.0,0.0,G-57
388,488,528.0,528.0,,五十八代祖,G-58,G-58,9999.0,58.0,0.0,0.0,0.0,G-58
389,489,529.0,529.0,,六十八代祖,G-68,G-68,9999.0,68.0,0.0,0.0,0.0,G-68
390,490,530.0,530.0,,十世伯叔祖,G-10B,brother of 10th generation ancestor,9999.0,10.0,0.0,0.0,1.0,G-10B
391,491,531.0,531.0,,十二世伯叔祖,G-12B,brother of 12th generation ancestor,9999.0,12.0,0.0,0.0,1.0,G-12B
392,492,532.0,-1.0,FBDD,堂舅;母亲的叔伯兄弟,MFBS,Sister of mother's uncle,9999.0,2.0,1.0,0.0,1.0,MFBS
393,493,-10000.0,533.0,FFMM,外玄孫,DSSS,great grandson of daughter,9999.0,0.0,4.0,0.0,0.0,DSSS
394,494,398.0,398.0,,高曾祖母,FFFFM,great great grandfather's mother,9999.0,5.0,0.0,0.0,0.0,FFFFM
395,497,534.0,534.0,,七十三代祖,G-73,G-73,9999.0,73.0,0.0,0.0,0.0,G-73
396,498,535.0,-1.0,HBSSD,伯叔曾祖母,FFFBW,great-grandfather's brother's wife,9999.0,3.0,0.0,1.0,1.0,FFFBW
397,499,536.0,-1.0,HBSD,伯叔祖母,FFBW,grandfather's brother's wife,9999.0,2.0,0.0,1.0,1.0,FFBW
398,500,537.0,-1.0,FZHBSD,伯叔祖母姪,FFBWBS,grandfather's brother's wife's brother's son,9999.0,2.0,1.0,1.0,2.0,FFBWBS
399,501,277.0,277.0,,太祖母,G-7W,wife of G-7,9999.0,7.0,0.0,0.0,0.0,G-7W
400,502,279.0,279.0,,太高祖母,G-8W,wife of G-8,9999.0,8.0,0.0,0.0,0.0,G-8W
401,503,278.0,278.0,,太高祖父的姊妹,G-8Z,sister of G-8,9999.0,8.0,0.0,0.0,1.0,G-8Z
402,504,-10000.0,538.0,,夫堂姪,HFBSS,Husband's father's brother's grandson,9999.0,1.0,2.0,1.0,1.0,HFBSS
403,505,539.0,-10000.0,,妻舅祖,WFMB,wife's father's mother brother,9999.0,2.0,0.0,1.0,1.0,WFMB
404,507,303.0,303.0,,始祖母,G-nW,wife of G-n,9999.0,99.0,0.0,0.0,0.0,G-nW
405,508,540.0,-10000.0,,姪媳婦,BSW,Brother's son's wife,9999.0,0.0,1.0,1.0,1.0,BSW
406,509,541.0,541.0,,族侄媳,K+1W,lineage nephew's wife,9999.0,1.0,2.0,1.0,2.0,K+1W
407,510,542.0,-1.0,FZSSD,曾祖母姪,FFMBS,grandfather's mother's brother's son,9999.0,3.0,1.0,0.0,1.0,FFMBS
408,511,543.0,-1.0,FZSD,祖母姪,FMBS,father's mother's brother's son,9999.0,2.0,1.0,0.0,1.0,FMBS
409,512,-10000.0,544.0,,舅婆;父或母之舅母 FMBW/MMBW,FMBW,father/mother's mother's brother's wife,9999.0,2.0,0.0,1.0,1.0,FMBW
410,514,545.0,545.0,,表姐妹婿,PH,husband of FZD or MBD or MZD,9999.0,1.0,1.0,1.0,1.0,PH
411,515,515.0,515.0,,表親,Pn,unspecified relation to father's sisters or mother's siblings,9999.0,1.0,1.0,0.0,1.0,Pn
412,516,177.0,330.0,,伯;伯父,FB+,an older brother of father,-4.0,1.0,0.0,0.0,1.0,FB
413,517,177.0,330.0,,叔;叔父,FB–,a younger brother of father,-4.0,1.0,0.0,0.0,1.0,FB
414,518,240.0,459.0,,伯祖;伯祖父,FFB+,an older brother of grandfather,-5.0,2.0,0.0,0.0,1.0,FFB
415,519,240.0,459.0,,叔祖;叔祖父,FFB–,a younger brother of grandfather,-5.0,2.0,0.0,0.0,1.0,FFB
416,521,-10000.0,481.0,,夫之曾祖,HFFF,great grandfather of husband,9999.0,3.0,0.0,1.0,0.0,HFFF
417,522,482.0,-1.0,G-24W,二十四世孫,G+24,G+24,9999.0,0.0,24.0,0.0,0.0,G+24
418,523,483.0,-1.0,G-25W,二十五世孫,G+25,G+25,9999.0,0.0,25.0,0.0,0.0,G+25
419,524,484.0,-1.0,G-26W,二十六世孫,G+26,G+26,9999.0,0.0,26.0,0.0,0.0,G+26
420,525,485.0,-1.0,G-28W,二十八世孫,G+28,G+28,9999.0,0.0,28.0,0.0,0.0,G+28
421,526,486.0,-1.0,G-29W,二十九世孫,G+29,G+29,9999.0,0.0,29.0,0.0,0.0,G+29
422,527,487.0,-1.0,G-57W,五十七世孫,G+57,G+57,9999.0,0.0,57.0,0.0,0.0,G+57
423,528,488.0,-1.0,G-58W,五十八世孫,G+58,G+58,9999.0,0.0,58.0,0.0,0.0,G+58
424,529,489.0,-1.0,G-68W,六十八世孫,G+68,G+68,9999.0,0.0,68.0,0.0,0.0,G+68
425,530,490.0,-1.0,G-10BW,十世姪孫,BG+10,Brother's 10th generation descendant,9999.0,0.0,10.0,0.0,1.0,BG+10
426,531,491.0,-1.0,G-12BW,十二世姪孫,BG+12,Brother's 12th generation descendant,9999.0,0.0,12.0,0.0,1.0,BG+12
427,532,492.0,-1.0,MFBD,堂姊妹之子,FBDS,Son fo father's niece,9999.0,1.0,2.0,0.0,1.0,FBDS
428,533,493.0,-1.0,DSSD,曾祖母之父,FFMF,great grandmother's father,9999.0,4.0,0.0,0.0,0.0,FFMF
429,534,497.0,-1.0,G-73W,七十三世孫,G+73,G+73,9999.0,0.0,73.0,0.0,0.0,G+73
430,535,-10000.0,498.0,,夫之曾姪孫;夫之從曾孫,HBSSS,Husband's brother's great-grandson,9999.0,0.0,3.0,1.0,1.0,HBSSS
431,536,-10000.0,499.0,,夫之姪孫;夫之從孫,HBSS,Husband's brother's grandson,9999.0,0.0,2.0,1.0,1.0,HBSS
432,537,500.0,-1.0,FFBWBD,姑父之姪孫;姑父之從孫,FZHBSS,father's sister's husband's brother's grandson,9999.0,1.0,2.0,1.0,2.0,FZHBSS
433,538,504.0,-10000.0,,堂伯叔母,FFBSW,grandfather's brother's son's wife,9999.0,2.0,1.0,1.0,1.0,FFBSW
434,539,-10000.0,505.0,,外甥孫婿,ZSDH,Sister's son's daughter's husband,9999.0,0.0,2.0,1.0,1.0,ZSDH
435,540,-10000.0,508.0,,,HFB,Husband's father's brother,9999.0,1.0,0.0,1.0,1.0,HFB
436,541,-10000.0,509.0,,,HK-1,Husband's lineage nephew,9999.0,1.0,2.0,1.0,1.0,HK-1
437,542,510.0,-1.0,FFMBD,姑母之曾孫;姑表兄弟之孫,FZSSS,Father's sister's great-grandson,9999.0,1.0,3.0,0.0,1.0,FZSSS
438,543,511.0,-1.0,FMBD,姑母之孫;姑表兄弟之子,FZSS,Father's sister's grandson,9999.0,1.0,2.0,0.0,1.0,FZSS
439,544,512.0,-10000.0,,HZSS / HZSD / HZDS / HZDD,HZS,Husband's sister's son,9999.0,0.0,1.0,1.0,1.0,HZS
440,545,514.0,-10000.0,,妻之表兄弟姊妹,WP,wife's father's sisters or mother's siblings,9999.0,1.0,1.0,1.0,1.0,WP
441,546,547.0,-1.0,WSD,姨父,MZF,mother's sister's husband,9999.0,1.0,0.0,1.0,1.0,MZF
442,547,546.0,-10000.0,,妻之外甥,WZS,wife's sister's son,9999.0,0.0,1.0,1.0,1.0,WZS
443,548,552.0,-1.0,,五十三世祖,G-53,G-53,10000.0,53.0,0.0,0.0,0.0,G-53
444,549,553.0,-1.0,,五十四世祖,G-54,G-54,10000.0,54.0,0.0,0.0,0.0,G-54
445,550,554.0,-1.0,,五十五世祖,G-55,G-55,10000.0,55.0,0.0,0.0,0.0,G-55
446,551,555.0,-1.0,,五十六世祖,G-56,G-56,10000.0,56.0,0.0,0.0,0.0,G-56
447,552,548.0,-1.0,G-53W,五十三世孫,G+53,G+53,10000.0,0.0,53.0,0.0,0.0,G+53
448,553,549.0,-1.0,G-54W,五十四世孫,G+54,G+54,10000.0,0.0,54.0,0.0,0.0,G+54
449,554,550.0,-1.0,G-55W,五十五世孫,G+55,G+55,10000.0,0.0,55.0,0.0,0.0,G+55
450,555,551.0,-1.0,G-56W,五十六世孫,G+56,G+56,10000.0,0.0,56.0,0.0,0.0,G+56
451,556,546.0,-10000.0,,妻之外甥女,WZD,wife's sister's daughter,9999.0,0.0,1.0,1.0,1.0,WZD
452,557,244.0,-10000.0,對應 SDH 孫女婿,妻子的祖母,WFM,wife's grandmother,10000.0,2.0,0.0,2.0,0.0,WFM
453,558,178.0,-10000.0,,妻之姑母,WFZ,wife's aunt,10000.0,1.0,0.0,1.0,1.0,WFZ
454,559,135.0,-1.0,,第三任丈夫,H3,3rd husband,10000.0,0.0,0.0,1.0,0.0,H
455,560,75.0,111.0,,嗣子(作為繼承人的兒子),S,Heir,,0.0,1.0,0.0,0.0,S
456,561,562.0,-10000.0,,妻之五世祖,WG-5,,,5.0,0.0,1.0,0.0,WG-5
457,562,-10000.0,561.0,,五世孫婿,G+5H,,,0.0,5.0,1.0,0.0,G+5H
458,563,564.0,564.0,,本生祖,FF!,FF! Grandfather of bastard,,2.0,0.0,0.0,0.0,FF
459,564,563.0,563.0,,私生孫,SS!,SS! Bastard grandson,,0.0,2.0,0.0,0.0,SS
460,565,566.0,566.0,,繼祖,FF^,FF^ Step grandfather,,2.0,0.0,0.0,0.0,FF
461,566,565.0,565.0,,繼孫子,SS^,SS^ Step grandson,,0.0,2.0,0.0,0.0,SS
462,567,568.0,569.0,,前母,M+,M+ Father's late wife,,1.0,0.0,0.0,0.0,M
463,568,571.0,570.0,,非親生子,S#,S# Son of spouse not born to the subject,,0.0,1.0,0.0,0.0,S
464,569,571.0,570.0,,非親生女,D#,D# Daughter of spouse not born to the subject,,0.0,1.0,0.0,0.0,D
465,570,568.0,569.0,,非親生母,M#,M# Father's wife  not biologically related to the subject,,1.0,0.0,0.0,0.0,M
466,571,568.0,569.0,,非親生父,F#,F# Mother's husband not biologically related to the subject,,1.0,0.0,0.0,0.0,F
467,572,571.0,570.0,,妾之子,S©,S© Son of concubine,,0.0,1.0,0.0,0.0,S
468,573,571.0,570.0,,妾之女,D©,D© Daughter of concubine,,0.0,1.0,0.0,0.0,D
469,574,119.0,574.0,,從姊妹,FBD,Father's brother's daughter,,1.0,1.0,0.0,1.0,FBD
470,575,75.0,111.0,,二十六子,S26,S26,9999.0,0.0,1.0,0.0,0.0,S
471,578,52.0,-1.0,,外曾祖母,MFM,Mother's father's mother,,3.0,0.0,0.0,0.0,
472,579,,,,再從子;堂姪,,Father's brother's grandson,,,,,,
473,580,421.0,-1.0,,表姑,K-1(female),,,,,,,K-1(female)
