column_code,meaning_cn,meaning_en,data_type,coded,code_table,note,affiliated_table
c_addr_id,地址ID,address ID,,,,,ADDRESSES
c_addr_cbd,用于数据库维护的临时表,the temporary table for maintenance,,,,,ADDRESSES
c_name,地址名称,address name,,,,,ADDRESSES
c_name_chn,地址中文名称,address Chinese name,,,,,ADDRESSES
c_admin_type,行政区类别,administrative type,,,,,ADDRESSES
c_firstyear,地址名称起始年,address name first year used,,,,,ADDRESSES
c_lastyear,地址名称终止年,address name last year used,,,,,ADDRESSES
x_coord,x轴,x coordinate,,,,,ADDRESSES
y_coord,y轴,y coordinate,,,,,ADDRESSES
belongs1_ID,第一层从属行政区ID,upper level administrative unit ID,,,,,ADDRESSES
belongs1_Name,第一层从属行政区名称,upper level administrative unit name,,,,,ADDRESSES
belongs2_ID,第二层从属行政区ID,upper second-level administrative unit ID,,,,,ADDRESSES
belongs2_Name,第二层从属行政区名称,upper second-level administrative unit name,,,,,ADDRESSES
belongs3_ID,第三层从属行政区ID,upper third-level administrative unit ID,,,,,ADDRESSES
belongs3_Name,第三层从属行政区名称,upper third-level administrative unit name,,,,,ADDRESSES
belongs4_ID,第四层从属行政区ID,upper fourth-level administrative unit ID,,,,,ADDRESSES
belongs4_Name,第四层从属行政区名称,upper fourth-level administrative unit name,,,,,ADDRESSES
belongs5_ID,第五层从属行政区ID,upper fifth-level administrative unit ID,,,,,ADDRESSES
belongs5_Name,第五层从属行政区名称,upper fifth-level administrative unit name,,,,,ADDRESSES
c_belongs_to,从属行政区,upper level administrative unit it belongs to,,,,,ADDR_BELONGS_DATA
c_source,出处,source,,,,,ADDR_BELONGS_DATA
c_pages,页码,pages,,,,,ADDR_BELONGS_DATA
c_notes,备注,notes,,,,,ADDR_BELONGS_DATA
CHGIS_PT_ID,中国历史地理信息系统地点 ID,CHGIS point ID,,,,,ADDR_CODES
c_alt_names,别名,alternative name,,,,,ADDR_CODES
c_place_id,地址ID（经纬度）,address ID (longitude and latitude),,,,带有经纬度的标准单位的替代物,ADDR_PLACE_DATA
c_source_reference,,,,,,*?,ADDR_XY
c_source_id,出处ID,source ID,,,,,ADDR_XY
c_name_type_code,别名类别代码,code of various alternate name types,,,,,ALTNAME_CODES
c_name_type_desc,别名类别的介绍,description of various alternative name types,,,,,ALTNAME_CODES
c_name_type_desc_chn,别名类别的中文介绍,Chinese description of various alternative name types,,,,,ALTNAME_CODES
tts_sysno,大铎公司的系统编号,tts company's system number,,,,,ALTNAME_DATA
c_personid,个人ID,person ID,,,,,ALTNAME_DATA
c_alt_name,个人的别名,person's alternative name(s),,,,,ALTNAME_DATA
c_alt_name_chn,个人的别名（中文）,person 's alternative name(s) in Chinese,,,,,ALTNAME_DATA
c_alt_name_type_code,别名类别代码,code of various alternate name types,,,,,ALTNAME_DATA
c_created_by,数据创建人,creator of data,,,,,ALTNAME_DATA
c_created_date,数据创建日期,data created data,,,,,ALTNAME_DATA
c_modified_by,数据修改人,modifier of date,,,,,ALTNAME_DATA
c_modified_date,数据修改日期,data modified date,,,,,ALTNAME_DATA
c_appt_type_code,除授类别代码,code of various appoitment types,,,,,APPOINTMENT_TYPE_CODES
c_appt_type_desc_chn,除授类别的中文介绍,Chinese description of various appointment types,,,,,APPOINTMENT_TYPE_CODES
c_appt_type_desc,除授类别的介绍,description of various appointment types,,,,,APPOINTMENT_TYPE_CODES
check,待检查,waiting for check,,,,,APPOINTMENT_TYPE_CODES
c_assoc_code,社会关系代码,code of non-kin relationship social relations ,,,,,ASSOC_CODES
c_assoc_pair,社会关系的反向关系。如老师的反向关系是学生,paired asscociation type. i.e. the paired association of a teacher is a student,,,,*?,ASSOC_CODES
c_assoc_pair2,多个社会反向关系中的另一个,another paired association type,,,,,ASSOC_CODES
c_assoc_desc,社会关系的介绍,description of non-kin relationship social relations,,,,,ASSOC_CODES
c_assoc_desc_chn,社会关系的中文介绍,Chinese description of non-kin relationship social relations,,,,,ASSOC_CODES
c_assoc_role_type,社会关系方向,initiative or passive relationship in the association ,,,,"A: Initiative, P: passive, M: no direction",ASSOC_CODES
c_sortorder,社会关系顺序,non-kin relationship social relation's sorted order,,,,,ASSOC_CODES
c_example,社会关系范例,the example of social relations,,,,,ASSOC_CODES
c_assoc_type_id,社会关系类别ID,non-kin relationship social relation's type,,yes,ASSOC_TYPES,,ASSOC_CODE_TYPE_REL
c_kin_code,如可知，记录中通过其建立关系的主要个人的亲属的代码,"the code of the kin of the main person in the record through who the association exists, if any",,,,*?,ASSOC_DATA
c_kin_id,如可知，记录中通过其建立关系的主要个人的亲属的ID,"the ID of the kin of the main person in the record through who the association exists, if any",,,,*?,ASSOC_DATA
c_assoc_id,关联人的ID,the ID of the associate,,,,,ASSOC_DATA
c_assoc_kin_code,如可知，记录中通过其建立关系的关系人的亲属的ID,"the ID of the kin of the associate through who the association exists, if any",,,,*?,ASSOC_DATA
c_assoc_kin_id,如可知，记录中通过其建立关系的关系人的亲属的代码,"the code of the kin of the associate through who the association exists, if any",,,,*?,ASSOC_DATA
c_tertiary_personid,第三方关联人的ID,the ID of the thertiary associate ,,,,,ASSOC_DATA
c_assoc_count,建立社会关系的事件总数,this gives the number of objects or events that established the association,,,,,ASSOC_DATA
c_sequence,关系的顺序，如果个人不知道实际日期,"the sequence of an association, if one does not know the actual date",,,,,ASSOC_DATA
c_assoc_year,关系的年份,the year of the association,,,,,ASSOC_DATA
c_assoc_nh_code,社会关系的年号代码,the code of the year (nianhao) of the association ,,,,,ASSOC_DATA
c_assoc_nh_year,社会关系的年号,the year (nianhao) of the association ,,,,,ASSOC_DATA
c_assoc_range,社会关系产生时间范围。如之前、之后、约等,the year range of the start year of the association,,,,,ASSOC_DATA
c_litgenre_code,确立关系的著作类型的代码，如相关,"the code of the genre of the writing that establishes the association, if relevant",,,,,ASSOC_DATA
c_occasion_code,确立关系的场合,the occation on which the association was established,,,,,ASSOC_DATA
c_topic_code,确立关系所围绕的学术话题,the scholarly topic around which the association was formed,,,,,ASSOC_DATA
c_inst_code,确立关系的社会机构的代码,the social institution at or through which the association was established,,,,,ASSOC_DATA
c_inst_name_code,确立关系的社会机构名称,the name of the social institution at or through which the association was established,,,,,ASSOC_DATA
c_text_title,确立关系的作品题目，如相关,"the title of the work that established the association, if relevant",,,,,ASSOC_DATA
c_assoc_claimer_id,声称关系存在的个人的ID,the ID of the person claiming the existence of the association,,,,,ASSOC_DATA
c_assoc_intercalary,社会关系建立时间的月份是否为闰月,wether it is a intercalary month while building the asssociation ,,,,?,ASSOC_DATA
c_assoc_month,关系的月份,the month of the association,,,,,ASSOC_DATA
c_assoc_day,关系的天数,the day of the association,,,,,ASSOC_DATA
c_assoc_day_gz,关系的天数（干支）,the day of the association (ganzhi),,,,,ASSOC_DATA
c_assoc_type_desc,社会关系的介绍,non-kin relationship social relation's discription,,,,,ASSOC_TYPES
c_assoc_type_desc_chn,社会关系的中文介绍,non-kin relationship social relation's Chinese discription,,,,,ASSOC_TYPES
c_assoc_type_parent_id,上一级社会关系,upper level non-kin relationship social relations,,,,,ASSOC_TYPES
c_assoc_type_level,社会关系层级,non-kin relationship social relation's level/hierachy,,,,,ASSOC_TYPES
c_assoc_type_sortorder,社会关系顺序,non-kin relationship social relation's sorted order,,,,,ASSOC_TYPES
c_assoc_type_short_desc,社会关系英文简称,non-kin relationship social relations short descpription,,,,,ASSOC_TYPES
c_assume_office_code,个人是否赴任的代码,codes that indicating whether a person took up the posting ,,,,,ASSUME_OFFICE_CODES
c_assume_office_desc_chn,个人是否赴任的中文介绍,describing in Chinese whether a person took up the posting,,,,,ASSUME_OFFICE_CODES
c_assume_office_desc,个人是否赴任的介绍,describing whether a person took up the posting,,,,,ASSUME_OFFICE_CODES
c_addr_type,地址类别,addesss types,,,,,BIOG_ADDR_CODES
c_addr_desc,地址类别的介绍,description of various address types,,,,,BIOG_ADDR_CODES
c_addr_desc_chn,地址类别的中文介绍,Chinese description of various address types,,,,,BIOG_ADDR_CODES
c_addr_note,地址类别的备注,notes of the address type,,,,,BIOG_ADDR_CODES
c_index_addr_rank,指数地址候选者(biog_addr_codes)的排序,the rank of candidate biog_addr_codes for index address,,,,,BIOG_ADDR_CODES
c_index_addr_default_rank,指数地址候选者(biog_addr_codes)的默认排序,the default rank of candidate biog_addr_codes for index address,,,,,BIOG_ADDR_CODES
c_fy_nh_code,始年年号代码,code of first year (ninahao) ,,,,,BIOG_ADDR_DATA
c_ly_nh_code,终年年号代码,code of last year (ninahao),,,,,BIOG_ADDR_DATA
c_fy_nh_year,始年年号,first year (ninahao) ,,,,,BIOG_ADDR_DATA
c_ly_nh_year,终年年号,last year (ninahao),,,,,BIOG_ADDR_DATA
c_fy_range,始年范围,the year range of the first year,,,,,BIOG_ADDR_DATA
c_ly_range,终年范围,the year range of the last year,,,,,BIOG_ADDR_DATA
c_natal,是否为生地,whether the address is this person's natal place,,,,"0 is no, 1 is yes",BIOG_ADDR_DATA
c_fy_intercalary,始年月份是否为闰月,whether there is a intercalary month in the first year,,,,,BIOG_ADDR_DATA
c_ly_intercalary,终年月份是否为闰月,whether there is a intercalary month in the first year,,,,,BIOG_ADDR_DATA
c_fy_month,始年月份,month of the first year,,,,,BIOG_ADDR_DATA
c_ly_month,终年月份,month of the last year,,,,,BIOG_ADDR_DATA
c_fy_day,始年天数,day of the first year,,,,,BIOG_ADDR_DATA
c_ly_day,终年天数,day of the last year,,,,,BIOG_ADDR_DATA
c_fy_day_gz,始年天数(干支),day (ganzhi) of the first year,,,,,BIOG_ADDR_DATA
c_ly_day_gz,终年天数(干支),day (ganzhi) of the last year,,,,,BIOG_ADDR_DATA
c_delete,用于数据库维护的临时表,the temporary table for maintenance,,,,,BIOG_ADDR_DATA
c_bi_role_code,个人在机构中的角色代码,Institutional role code,,,,,BIOG_INST_CODES
c_bi_role_desc,个人在机构中的角色介绍,description of Institutional role code,,,,,BIOG_INST_CODES
c_bi_role_chn,个人在机构中的角色中文介绍,Chinese description of Institutional role code,,,,,BIOG_INST_CODES
c_bi_begin_year,始年,the begin year of this biographical instituion record ,,,,,BIOG_INST_DATA
c_bi_by_nh_code,始年年号代码,the code of the begin year (nianhao) of this biographical instituion record ,,,,,BIOG_INST_DATA
c_bi_by_nh_year,始年年号,the begin year (nianhao) of this biographical instituion record ,,,,,BIOG_INST_DATA
c_bi_by_range,始年年份范围,the range of the begin year (nianhao) of this biographical instituion record ,,,,,BIOG_INST_DATA
c_bi_end_year,终年,the end year of this biographical instituion record ,,,,,BIOG_INST_DATA
c_bi_ey_nh_code,终年年号代码,the code of the end year (nianhao) of this biographical instituion record ,,,,,BIOG_INST_DATA
c_bi_ey_nh_year,终年年号,the end year (nianhao) of this biographical instituion record ,,,,,BIOG_INST_DATA
c_bi_ey_range,终年年份范围,the range of the end year (nianhao) of this biographical instituion record ,,,,,BIOG_INST_DATA
c_index_year,指数年,index years,,,,,BIOG_MAIN
c_index_year_type_code,指数年用何种方式计算得出,how did we calculated his/her index year,,,,,BIOG_MAIN
c_index_year_source_id,指数年来源,whose information was used to calcuate his/her index year,,,,,BIOG_MAIN
c_female,是否为女性,whether this person is a female,,,,"if no, print 0; if yes, print 1",BIOG_MAIN
c_index_addr_id,指数地址,index address,,,,,BIOG_MAIN
c_index_addr_type_code,指数地址类型,the type of the index address,,,,,BIOG_MAIN
c_ethnicity_code,少数民族划分代码,the ethinicity code of this person,,,,,BIOG_MAIN
c_household_status_code,所属户籍代码,the household status code of this person,,,,士农工商,BIOG_MAIN
c_tribe,种族部族,person's tribe,,,,,BIOG_MAIN
c_birthyear,出生年,the birth-year  of this person ,,,,,BIOG_MAIN
c_by_nh_code,出生年年号代码,the birth-year  code of this person (nianhao),,,,,BIOG_MAIN
c_by_nh_year,出生年年号,the brith year of this person,,,,,BIOG_MAIN
c_by_range,出生年范围,the birth-year  range of this person,,,,,BIOG_MAIN
c_deathyear,死亡年,the death-year  of this person ,,,,,BIOG_MAIN
c_dy_nh_code,死亡年年号代码,the death-year  code of this person (nianhao),,,,,BIOG_MAIN
c_dy_nh_year,死亡年年号,the death-year  of this person,,,,,BIOG_MAIN
c_dy_range,死亡年范围,the death-year  range of this person,,,,,BIOG_MAIN
c_death_age,死亡年龄,the death age of this person,,,,,BIOG_MAIN
c_death_age_range,死亡年龄范围,the death age range of this person,,,,,BIOG_MAIN
c_fl_earliest_year,在世始年，如生卒年情况不详,"the earliest floruit year, if precise dates of brith and death are not available  ",,,,,BIOG_MAIN
c_fl_ey_nh_code,在世始年年号代码,the code of the earliest floruit year (nianhao),,,,,BIOG_MAIN
c_fl_ey_nh_year,在世始年年号,the earliest floruit year (nianhao),,,,,BIOG_MAIN
c_fl_ey_notes,在世始年备注,the notes of the earliest floruit year,,,,,BIOG_MAIN
c_fl_latest_year,在世末年，如生卒年情况不详,"the latest floruit year, if precise dates of brith and death are not available  ",,,,,BIOG_MAIN
c_fl_ly_nh_code,在世末年年号代码,the code of the latest floruit year (nianhao),,,,,BIOG_MAIN
c_fl_ly_nh_year,在世末年年号,the latest floruit year (nianhao),,,,,BIOG_MAIN
c_fl_ly_notes,在世末年备注,the notes of the latest floruit year,,,,,BIOG_MAIN
c_surname,姓,surname of the person,,,,,BIOG_MAIN
c_surname_chn,中文姓,surname in Chinese,,,,,BIOG_MAIN
c_mingzi,名字,firstname of the person,,,,,BIOG_MAIN
c_mingzi_chn,中文名字,firstname of the person in Chinese,,,,,BIOG_MAIN
c_dy,朝代,dynasty,,,,,BIOG_MAIN
c_choronym_code,"郡望, 用于确认中古家族的“地址＋姓氏“代码",codes for the place and surname used to identity medieval clans,,,,,BIOG_MAIN
c_by_intercalary,出生年是否有闰月,whether the birth year has a intercalary month,,,,,BIOG_MAIN
c_dy_intercalary,死亡年是否有闰月,whether the death year has a intercalary month,,,,,BIOG_MAIN
c_by_month,出生月,birth-month  of the person,,,,,BIOG_MAIN
c_dy_month,死亡月,death-month  of the person,,,,,BIOG_MAIN
c_by_day,出生日,birthday of the person,,,,,BIOG_MAIN
c_dy_day,死亡日,death-day of the person,,,,,BIOG_MAIN
c_by_day_gz,出生日干支,birthday of the person (ganzhi),,,,,BIOG_MAIN
c_dy_day_gz,死亡日干支,death-day of the person (ganzhi),,,,,BIOG_MAIN
TTSMQ_db_ID,大铎公司明清数据库人物ID,the person ID from the Mingqing database in TTS company,,,,,BIOG_MAIN
MQWWLink,明清妇女著作项目链接,link to Mingqing Women's Writing,,,,,BIOG_MAIN
KyotoLink,Kyoto唐代项目链接,link to Kyoto,,,,,BIOG_MAIN
c_surname_proper,非汉语姓氏的原写法,,,,,,BIOG_MAIN
c_mingzi_proper,非汉语名字的原写法,,,,,,BIOG_MAIN
c_name_proper,非汉语全名的原写法,,,,,,BIOG_MAIN
c_surname_rm,非汉语姓氏的罗马拼音写法,,,,,,BIOG_MAIN
c_mingzi_rm,非汉语名字的罗马拼音写法,,,,,,BIOG_MAIN
c_name_rm,非汉语全名的罗马拼音写法,,,,,,BIOG_MAIN
c_self_bio,是否为传记核心人物,whether the person is the main character in the biogarphy,,,,"if no, print 0; if yes, print 1",BIOG_MAIN
c_textid,文本ID,text ID,,,,,BIOG_SOURCE_DATA
c_main_source,是否为传记核心材料,whether the text used is the main source of the biography ,,,,,BIOG_SOURCE_DATA
c_choronym_desc,郡望的介绍,the description of choronym,,,,,CHORONYM_CODES
c_choronym_chn,郡望的中文介绍,the Chinese description of choronym,,,,,CHORONYM_CODES
ID,,,,,,,COPYMISSINGTABLES
TableName,,,,,,,COPYMISSINGTABLES
c_country_code,国家代码,codes for various countries,,,,,COUNTRY_CODES
c_country_desc,国家介绍,description for various countries,,,,,COUNTRY_CODES
c_country_desc_chn,国家中文介绍,Chinese description for various countries,,,,,COUNTRY_CODES
c_db_id,数据库ID,database ID,,,,,DATABASE_LINK_CODES
c_db_URL,数据库URL链接,URL of the database ,,,,,DATABASE_LINK_CODES
c_db_name,数据库名称,the name of the database,,,,,DATABASE_LINK_CODES
c_db_name_trans_chn,数据库名称中文翻译,the name of the database translated in Chinese,,,,,DATABASE_LINK_CODES
c_db_name_trans_eng,数据库名称英文翻译,the name of the database translated in English,,,,,DATABASE_LINK_CODES
c_db_institution,数据库机构,the institution related to the database,,,,,DATABASE_LINK_CODES
c_db_institution_trans_chn,数据库机构中文翻译,the Chinese translation of the institution,,,,,DATABASE_LINK_CODES
c_db_institution_trans_eng,数据库机构英文翻译,the English translation of the institution,,,,,DATABASE_LINK_CODES
c_db_date_of_origin,数据库开始日期,the origin date of the database,,,,,DATABASE_LINK_CODES
c_db_contact person,数据库联系人,the contact person of the database,,,,,DATABASE_LINK_CODES
c_DB_URL_FIRST_STRING,URL 的第一部分,the first part of the URL,,,,,DATABASE_LINK_CODES
c_DB_URL_SECOND_STRING,URL 的第二部分,the second part of the URL,,,,,DATABASE_LINK_CODES
c_person_id,个人ID,person ID,,,,,DATABASE_LINK_DATA
c_db_sys_id,数据库系统ID,database's system ID,,,,,DATABASE_LINK_DATA
c_dynasty,朝代名称,name of the dynasty,,,,,DYNASTIES
c_dynasty_chn,朝代中文名称,Chinese name of the dynasty,,,,,DYNASTIES
c_start,朝代开始时间,the starting time of this dynasty,,,,,DYNASTIES
c_end,朝代结束时间,the ending time fo this dynasty,,,,,DYNASTIES
c_sort,序号,sorting number ,,,,,DYNASTIES
c_entry_code,入仕方式代码,the code of the means used to enter into institutions,,,,,ENTRY_CODES
c_entry_desc,入仕方式介绍,the description of the means used to enter into institutions,,,,,ENTRY_CODES
c_entry_desc_chn,入仕方式中文介绍,the Chinese description of the means used to enter into institutions,,,,,ENTRY_CODES
c_entry_type,宽泛的入仕方式代码,the code of the broad methods used to enter into institutions,,,,,ENTRY_CODE_TYPE_REL
c_exam_rank,考试名次,the rank of the exam,,,,,ENTRY_DATA
c_year,入仕年,the year of entering the institution,,,,,ENTRY_DATA
c_age,入仕时的年龄,the age while entering the institution,,,,,ENTRY_DATA
c_nianhao_id,入仕年年号ID,the ID of the year (nianhao) of entering the institution,,,,,ENTRY_DATA
c_entry_nh_year,入仕年年号,the year (nianhao) of entering the institution,,,,,ENTRY_DATA
c_entry_range,入仕年年份范围,the year range of the entry year of the institution,,,,,ENTRY_DATA
c_exam_field,考试科目,the field of the examination,,,,,ENTRY_DATA
c_parental_status,双亲状态,the status of the person's parents,,,,,ENTRY_DATA
c_attempt_count,考试尝试次数,the amount of attempting the exam ,,,,,ENTRY_DATA
c_posting_notes,入仕之后立刻被任命的官职,the immediate posting after entering the instituion,,,,,ENTRY_DATA
c_entry_type_desc,宽泛的入仕方式介绍,the description of the broad methods used to enter into institutions,,,,,ENTRY_TYPES
c_entry_type_desc_chn,宽泛的入仕方式中文介绍,the Chinese description of the broad methods used to enter into institutions,,,,,ENTRY_TYPES
c_entry_type_parent_id,父母是否健在,the ID of the existence of parents,,,,,ENTRY_TYPES
c_entry_type_level,入仕方式的种类,various types of methods used to enter into institutions,,,,,ENTRY_TYPES
c_entry_type_sortorder,入仕方式排序,the sorted order of entry types,,,,,ENTRY_TYPES
c_group_code,上层分族,the code of upper group,,,,?,ETHNICITY_TRIBE_CODES
c_subgroup_code,上层子族,the code of upper subgroup,,,,?,ETHNICITY_TRIBE_CODES
c_altname_code,别名ID,the ID of alternative names,,,,*,ETHNICITY_TRIBE_CODES
c_ethno_legal_cat,种族的现代分类,the modern category of ethnicity,,,,,ETHNICITY_TRIBE_CODES
c_romanized,名称的罗马拼音,romanized name ,,,,,ETHNICITY_TRIBE_CODES
JiuTangShu,旧唐书,Old Book of Tang,,,,Wikipedia,ETHNICITY_TRIBE_CODES
XinTangShu,新唐书,New Book of Tang,,,,,ETHNICITY_TRIBE_CODES
JiuWudaiShi,旧五代史,Old History of the Five Dynasties,,,,,ETHNICITY_TRIBE_CODES
XinWudaiShi,新五代史,New History of the Five Dynasties,,,,,ETHNICITY_TRIBE_CODES
SongShi,宋史,History of Song,,,,,ETHNICITY_TRIBE_CODES
LiaoShi,辽史,History of Liao,,,,,ETHNICITY_TRIBE_CODES
JinShi,金史,History of Jin,,,,,ETHNICITY_TRIBE_CODES
YuanShi,元史,History of Yuan,,,,,ETHNICITY_TRIBE_CODES
MingShi,明史,History of Min,,,,,ETHNICITY_TRIBE_CODES
QingShiGao,清史稿,Draft History of Qing,,,,,ETHNICITY_TRIBE_CODES
c_event_record_id, 事件ID,event ID ,,,,,EVENTS_ADDR
c_nh_code,事件发生年年号,the code of the year that the event happened (nianhao),,,,,EVENTS_ADDR
c_nh_year,事件发生年,the year that the event happened (nianhao),,,,,EVENTS_ADDR
c_yr_range,事件发生年年份范围,the range of the year that the event happened,,,,,EVENTS_ADDR
c_intercalary,事件发生年是否有闰月,wether there is a intercalary month in the year while the evnet happened,,,,,EVENTS_ADDR
c_month,事件发生月,the month that the event happened (nianhao),,,,,EVENTS_ADDR
c_day,事件发生日,the day that the event happened (nianhao),,,,,EVENTS_ADDR
c_day_ganzhi,事件发生日（干支）,the day that the event happened (nianhao),,,,,EVENTS_ADDR
c_event_code,事件代码,the code of the event,,,,,EVENTS_DATA
c_role,人在事件中扮演的角色,the role that the main person played in the event,,,,,EVENTS_DATA
c_event,发生的事件,event that happened,,,,,EVENTS_DATA
c_event_name_chn,重大事件中文名称,event name in Chinese,,,,,EVENT_CODES
c_event_name,重大事件名称,event name,,,,,EVENT_CODES
c_fy_yr,始年,first year ,,,,,EVENT_CODES
c_ly_yr,终年,last year,,,,,EVENT_CODES
c_fy_nh_yr,始年年号,first year (ninahao) ,,,,,EVENT_CODES
c_ly_nh_yr,终年年号,last year (ninahao),,,,,EVENT_CODES
c_event_notes,事件备注,notes of event ,,,,,EVENT_CODES
c_extant_code,表示资料的存佚情况的代码,codes that indicating degree of the source and its known existence,,,,,EXTANT_CODES
c_extant_desc,对资料的存佚情况的介绍,describing degree of the source and its known existence,,,,,EXTANT_CODES
c_extant_desc_chn,对资料的存佚情况的中文介绍,describing degree of the source and its known existence in Chinese,,,,,EXTANT_CODES
c_extant_code_hd,对资料的存佚情况的缩写,abbreviating degree of the source and its known existence,,,,"U: unknown, Y: yes, N: no",EXTANT_CODES
c_lastname,姓,last name,,,,,FIX_AUTHORS
c_firstname,名,first name,,,,,FIX_AUTHORS
c_genre_code,宽泛的目录学分类 的代码,the code of the bibliographic classifications of texts,,,,,FIX_AUTHORS
c_floruit,在世年（生卒年不详）,floruit years,,,,,FIX_AUTHORS
AccessTblNm,,,,,,,FOREIGNKEYS
AccessFldNm,,,,,,,FOREIGNKEYS
ForeignKey,,,,,,,FOREIGNKEYS
ForeignKeyBaseField,,,,,,,FOREIGNKEYS
FKString,,,,,,,FOREIGNKEYS
FKName,,,,,,,FOREIGNKEYS
skip,,,,,,,FOREIGNKEYS
IndexOnField,,,,,,,FOREIGNKEYS
DataFormat,,,,,,,FOREIGNKEYS
NULL_allowed,,,,,,,FOREIGNKEYS
c_form,,,,,,,FORMLABELS
c_label_id,,,,,,,FORMLABELS
c_english,英文,English,,,,,FORMLABELS
c_jianti,简体,simplified Chinese,,,,,FORMLABELS
c_fanti,繁体,traditional Chinese,,,,,FORMLABELS
c_ganzhi_code,干支代码,code of ganzhi,,,,,GANZHI_CODES
c_ganzhi_chn,干支中文,ganzhi in Chinese,,,,,GANZHI_CODES
c_ganzhi_py,干支拼音,ganzhi in Pinyin,,,,,GANZHI_CODES
c_household_status_desc,家庭地位的介绍,the description of various household status,,,,,HOUSEHOLD_STATUS_CODES
c_household_status_desc_chn,家庭地位的中文介绍,the chinese description of various household status,,,,,HOUSEHOLD_STATUS_CODES
c_kincode,亲属关系代码,code of kin relationship,,,,,KINSHIP_CODES
c_kin_pair1,亲属关系的反向关系1。如父亲的反向关系是儿子,paired kin relationship type 1. i.e. the paired association of a father is a son,,,,male,KINSHIP_CODES
c_kin_pair2,亲属关系的反向关系2,paired kin relationship type 2,,,,female,KINSHIP_CODES
c_kin_pair_notes,亲属关系反向关系的代码描述,the description of the code of the paired association types.,,,,,KINSHIP_CODES
c_kinrel_chn,不同的亲属关系的中文介绍,chinese description of various kin relationship,,,,,KINSHIP_CODES
c_kinrel,不同的亲属关系,various kin relationship ,,,,,KINSHIP_CODES
c_kinrel_alt,亲属关系的别称,the alternative names of the kin relationships,,,,,KINSHIP_CODES
c_pick_sorting,亲属关系排序,the sorting of the kin relationships,,,,,KINSHIP_CODES
c_upstep,长辈代数,the number of generations up in the kin relationship,,,,,KINSHIP_CODES
c_dwnstep,晚辈代数,the number of generations down in the kin relationship,,,,,KINSHIP_CODES
c_marstep,婚姻关系,marriage relations involved in the kin relationship,,,,,KINSHIP_CODES
c_colstep,同辈关系,peer relations invovled in the kin relationship,,,,,KINSHIP_CODES
c_autogen_notes,自动生成反向关系备注,notes of autogenerates paired relations ,,,,,KIN_DATA
c_mourning,服丧类型,mourning types,,,,?,KIN_MOURNING
c_mourning_chn,服丧类型的中文介绍,chinese description of the mourning types,,,,,KIN_MOURNING
c_kindist,亲属关系之间的距离,the distance of the kin relationships,,,,?,KIN_MOURNING
c_kintype,亲属类型,various types of kin relationship ,,,,,KIN_MOURNING
c_kintype_desc,亲属类型介绍,description of the various kin relationship types,,,,,KIN_MOURNING
c_kintype_desc_chn,亲属类型中文介绍,chinese description of the various kin relationship types,,,,,KIN_MOURNING
c_lit_genre_code,文学作品的形式的代码,code of various forms of literary composition,,,,,LITERARYGENRE_CODES
c_lit_genre_desc,文学作品形式的介绍,description of various forms of literary composition,,,,,LITERARYGENRE_CODES
c_lit_genre_desc_chn,文学作品形式的中文介绍,chinese description of various forms of literary composition,,,,,LITERARYGENRE_CODES
c_measure_code,物品、货币、书籍、和空间等数量单位的代码,"codes of quantities of goods, money, books, and space",,,,,MEASURE_CODES
c_measure_desc,物品、货币、书籍、和空间等数量单位的介绍,"description of quantities of goods, money, books, and space",,,,,MEASURE_CODES
c_measure_desc_chn,物品、货币、书籍、和空间等数量单位的中文介绍,"chinese description of quantities of goods, money, books and space",,,,,MEASURE_CODES
c_nianhao_chn,年号的中文名称,nianhao in chinese,,,,,NIAN_HAO
c_nianhao_pin,年号的拼音,nianhao in pinyin,,,,,NIAN_HAO
c_occasion_desc,the description of the events which people participated,人们参与的事件的介绍,,,,,OCCASION_CODES
c_occasion_desc_chn,the chinese description of the events which people participated,人们参与的事件的中文介绍,,,,,OCCASION_CODES
c_office_category_id,职官类别（阶官，勋爵等）ID,"the categories of offices (rank, honorary) ID",,,,,OFFICE_CATEGORIES
c_category_desc,职官类别介绍,the description of categories of offices,,,,,OFFICE_CATEGORIES
c_category_desc_chn,职官类别中文介绍,the chinese description of categories of offices,,,,,OFFICE_CATEGORIES
c_office_id,官／署ID,office ID,,,,,OFFICE_CODES
c_office_pinyin,官／署名称的拼音,office name in pinyin,,,,,OFFICE_CODES
c_office_chn,官／署的中文名称,office name in chinese,,,,,OFFICE_CODES
c_office_pinyin_alt,官／署名称的其它拼音,office alternative name in pinyin,,,,,OFFICE_CODES
c_office_chn_alt,官／署的其它中文名称,office alternative name in chinese,,,,,OFFICE_CODES
c_office_trans,官／署名称的翻译,office name's translation,,,,,OFFICE_CODES
c_office_trans_alt,官／署名称的其它翻译,office name's alternative translation,,,,,OFFICE_CODES
c_category_1,官职的第一层官/署归属,the first category of the office name,,,,"1 is the lowest, and 4 is the highest",OFFICE_CODES
c_category_2,官职的第二层官/署归属,the second category of the office name,,,,,OFFICE_CODES
c_category_3,官职的第三层官/署归属,the third category of the office name,,,,,OFFICE_CODES
c_category_4,官职的第四层官/署归属,the fourth category of the office name,,,,,OFFICE_CODES
c_office_id_old,用于数据库维护的临时表,the temporary table for maintenance,,,,,OFFICE_CODES
c_office_id_backup,官／署ID备份,office ID backup,,,,,OFFICE_CODES_CONVERSION
c_office_chn_backup,官／署中文名称备份,office name in chinese backup,,,,,OFFICE_CODES_CONVERSION
c_office_type_id,官／署类别ID,ID of office types,,,,,OFFICE_CODE_TYPE_REL
c_office_tree_id,官／署等级ID,ID of office tree structure,,,,,OFFICE_CODE_TYPE_REL
c_office_type_type_code,官职所归属的朝代,the dynasty that the office ID belongs to,,,,,OFFICE_CODE_TYPE_REL
c_office_l1,上层官/署1,upper office 1,,,,"1 is the lowest, and 5 is the highest",OFFICE_CODE_TYPE_REL
c_office_l2,上层官/署2,upper office 2,,,,,OFFICE_CODE_TYPE_REL
c_office_l3,上层官/署3,upper office 3,,,,,OFFICE_CODE_TYPE_REL
c_office_l4,上层官/署4,upper office 4,,,,,OFFICE_CODE_TYPE_REL
c_office_l5,上层官/署5,upper office 5,,,,,OFFICE_CODE_TYPE_REL
c_office_type_node_id,官职类型ID,the ID of various office types,,,,,OFFICE_TYPE_TREE
c_tts_node_id,大铎公司系统中的官职类型ID,the ID of various office types from tts company's system,,,,,OFFICE_TYPE_TREE
c_office_type_desc,官职类型的英文翻译,the description of various office types,,,,,OFFICE_TYPE_TREE
c_office_type_desc_chn,官职类型,the Chinese description of various office types,,,,,OFFICE_TYPE_TREE
c_parent_id,官职类型ID的上层归属,the ID of the upper unit that the office type belongs to,,,,,OFFICE_TYPE_TREE
c_parental_status_code,双亲状态代码,code of parental status,,,,,PARENTAL_STATUS_CODES
c_parental_status_desc,双亲状态的介绍,description of parental status,,,,,PARENTAL_STATUS_CODES
c_parental_status_desc_chn,双亲状态的中文介绍,chinese description of parental status,,,,,PARENTAL_STATUS_CODES
c_place_1990,对应的现代地址 ID,the ID of the corresponding mordern address,,,,?,PLACE_CODES
c_possession_act_code,人与物品之间的关系类别的代码,code of various relations between people and goods,,,,,POSSESSION_ACT_CODES
c_possession_act_desc,人与物品之间的关系类别的介绍,description of various relations between people and goods,,,,,POSSESSION_ACT_CODES
c_possession_act_desc_chn,人与物品之间的关系类别的中文介绍,chinese description of various relations between people and goods,,,,,POSSESSION_ACT_CODES
c_possession_record_id,财产ID,possession record ID,,,,,POSSESSION_ADDR
c_possession_desc,财产的介绍,description of possession,,,,,POSSESSION_DATA
c_possession_desc_chn,财产的中文介绍,chinese description of possession,,,,,POSSESSION_DATA
c_quantity,数量,quantity of the possesion,,,,,POSSESSION_DATA
c_possession_yr,年份,the year of the action related to the management of the possession,,,,,POSSESSION_DATA
c_possession_nh_code,年号代码,the code of the year (nianhao),,,,,POSSESSION_DATA
c_possession_nh_yr,年号年,the year (nianhao),,,,,POSSESSION_DATA
c_possession_yr_range,年份范围,the range of the year,,,,,POSSESSION_DATA
c_posting_id,官职ID,posting ID,,,,,POSTED_TO_ADDR_DATA
c_posting_id_old,用于数据库维护的临时表,the temporary table for maintenance,,,,,POSTED_TO_ADDR_DATA
c_inst_addr_type_code,,,,,,*?,SOCIAL_INSTITUTION_ADDR_TYPES
c_inst_addr_type_desc,,,,,,*?,SOCIAL_INSTITUTION_ADDR_TYPES
c_inst_addr_type_chn,,,,,,*?,SOCIAL_INSTITUTION_ADDR_TYPES
c_topic_desc,学术主题的介绍,description of various topics of learning and scholarship,,,,,SCHOLARLYTOPIC_CODES
c_topic_desc_chn,学术主题的中文介绍,chinese description of various topics of learning and scholarship,,,,,SCHOLARLYTOPIC_CODES
c_topic_type_code,学术主题类别的代码,code of various topic types,,,,,SCHOLARLYTOPIC_CODES
c_topic_type_desc,学术主题类别的介绍,description of various topic types,,,,,SCHOLARLYTOPIC_CODES
c_topic_type_desc_chn,学术主题类别的中文介绍,chinese description of various topic types,,,,,SCHOLARLYTOPIC_CODES
c_inst_addr_begin_year,机构建立始年,the begin year of the institution,,,,,SOCIAL_INSTITUTION_ADDR
c_inst_addr_end_year,机构建立终年,the end year of the institution,,,,,SOCIAL_INSTITUTION_ADDR
c_inst_addr_id,此机构所在的地址ID,the address ID of the institution,,,,,SOCIAL_INSTITUTION_ADDR
inst_xcoord,机构的X坐标,the x coordinates of the institution,,,,,SOCIAL_INSTITUTION_ADDR
inst_ycoord,机构的Y坐标,the y coordinates of the institution,,,,,SOCIAL_INSTITUTION_ADDR
c_inst_altname_type,机构别名类别,type of alternative names of the institution,,,,,SOCIAL_INSTITUTION_ALTNAME_CODE
c_inst_altname_desc,机构别名,description of alternative names of the institution,,,,,SOCIAL_INSTITUTION_ALTNAME_CODE
c_inst_altname_chn,机构别名中文,chinese description of alternative names of the institution,,,,,SOCIAL_INSTITUTION_ALTNAME_CODE
c_inst_altname_hz,机构别名汉字,the alternative name of the institution in Chinese,,,,,SOCIAL_INSTITUTION_ALTNAME_DATA
c_inst_altname_py,机构别名拼音,the alternative name of the institution in pinyin,,,,,SOCIAL_INSTITUTION_ALTNAME_DATA
c_inst_type_code,,,,,,*?,SOCIAL_INSTITUTION_CODES
c_inst_begin_year,机构建立始年,the begin year of the institution,,,,,SOCIAL_INSTITUTION_CODES
c_by_nianhao_code,机构建立始年年号代码,the code of the begin year (nianhao) of the institution,,,,,SOCIAL_INSTITUTION_CODES
c_by_nianhao_year,机构建立始年年号,the begin year (nianhao) of the institution,,,,,SOCIAL_INSTITUTION_CODES
c_by_year_range,机构建立始年范围,the range of the begin year of the institution,,,,,SOCIAL_INSTITUTION_CODES
c_inst_begin_dy,机构建立始年朝代,the dynasty when the institution begins,,,,,SOCIAL_INSTITUTION_CODES
c_inst_floruit_dy,机构存世朝代,the dynasty when the institution exists,,,,,SOCIAL_INSTITUTION_CODES
c_inst_first_known_year,机构为人所知的始年,the firsy year that the institution was known,,,,,SOCIAL_INSTITUTION_CODES
c_inst_end_year,机构建立终年,the end year of the institution,,,,,SOCIAL_INSTITUTION_CODES
c_ey_nianhao_code,机构建立终年年号代码,the code of the end year (nianhao) of the institution,,,,,SOCIAL_INSTITUTION_CODES
c_ey_nianhao_year,机构建立终年年号,the end year (nianhao) of the institution,,,,,SOCIAL_INSTITUTION_CODES
c_ey_year_range,机构建立终年范围,the range of the end year of the institution,,,,,SOCIAL_INSTITUTION_CODES
c_inst_end_dy,机构建立终年朝代,the dynasty when the institution ends,,,,,SOCIAL_INSTITUTION_CODES
c_inst_last_known_year,机构为人所知的终年,the firsy year that the institution was known,,,,,SOCIAL_INSTITUTION_CODES
c_inst_code_new,,,,,,?,SOCIAL_INSTITUTION_CODES_CONVER
c_new_new_code,,,,,,?,SOCIAL_INSTITUTION_CODES_CONVER
c_inst_name_hz,机构名称汉字,the name of the institution in Chinese,,,,,SOCIAL_INSTITUTION_NAME_CODES
c_inst_name_py,机构名称拼音,the name of the institution in pinyin,,,,,SOCIAL_INSTITUTION_NAME_CODES
c_inst_type_py,,,,,,*?,SOCIAL_INSTITUTION_TYPES
c_inst_type_hz,,,,,,*?,SOCIAL_INSTITUTION_TYPES
c_status_code,社会状态,various social status,,,,,STATUS_CODES
c_status_desc,社会状态的介绍,description of various social status,,,,,STATUS_CODES
c_status_desc_chn,社会状态的中文介绍,chinese description of various social status,,,,,STATUS_CODES
c_status_type_code,社会状态类型,code of various types of social status ,,,,,STATUS_CODE_TYPE_REL
c_supplement,并称、合称,?,,,,,STATUS_DATA
c_status_type_desc,社会地位类型的介绍,description of various types of social status ,,,,,STATUS_TYPES
c_status_type_chn,社会地位类型的中文介绍,the Chinese description of various types of social status,,,,,STATUS_TYPES
c_text_cat_code,文本分类的代码,the code of categories of texts ,,,,?,TEXT_BIBLCAT_CODES
c_text_cat_desc,文本分类的介绍,the description of categories of texts,,,,?,TEXT_BIBLCAT_CODES
c_text_cat_desc_chn,文本分类的中文介绍,the chinese description of categories of texts,,,,?,TEXT_BIBLCAT_CODES
c_text_cat_pinyin,文本分类的拼音,the pinyin of categories of texts ,,,,?,TEXT_BIBLCAT_CODES
c_text_cat_sortorder,,,,,,?,TEXT_BIBLCAT_CODES
c_text_cat_type_id,,,,,,?,TEXT_BIBLCAT_CODE_TYPE_REL
c_text_cat_type_desc,,,,,,?,TEXT_BIBLCAT_TYPES
c_text_cat_type_desc_chn,,,,,,?,TEXT_BIBLCAT_TYPES
c_text_cat_type_parent_id,,,,,,?,TEXT_BIBLCAT_TYPES
c_text_cat_type_level,,,,,,?,TEXT_BIBLCAT_TYPES
c_text_cat_type_sortorder,,,,,,?,TEXT_BIBLCAT_TYPES
c_title_chn,文本中文标题,title of the text in chinese,,,,,TEXT_CODES
c_suffix_version,,,,,,,TEXT_CODES
c_title,文本标题,title of the text,,,,,TEXT_CODES
c_title_trans,文本标题翻译,translation of the title of the text,,,,,TEXT_CODES
c_text_type_id,著作分类,the ID of various text types,,,,,TEXT_CODES
c_text_year,成书时间,the year that the text was compeleted,,,,,TEXT_CODES
c_text_nh_code,成书年年号代码,the code of the year (nianhao) of the text was compeleted,,,,,TEXT_CODES
c_text_nh_year,成书年,the year of the text was compeleted,,,,,TEXT_CODES
c_text_range_code,成书年范围,the range of the year of the text was compeleted,,,,,TEXT_CODES
c_period,著作时代,the period while the text was written,,,,,TEXT_CODES
c_bibl_cat_code,XXX,XXX,,,,,TEXT_CODES
c_extant,文本的存佚情况,indicating degree of the text and its known existence,,,,,TEXT_CODES
c_text_country,成书地,the country where the text was compeleted,,,,,TEXT_CODES
c_text_dy,成书朝代,the dynasty whcih the text was compeleted,,,,,TEXT_CODES
c_pub_country,出版国,the country where the text was published,,,,,TEXT_CODES
c_pub_dy,出版朝代,the dynasty which the text was published,,,,,TEXT_CODES
c_pub_year,出版年,the year when the text was published,,,,,TEXT_CODES
c_pub_nh_code,出版年年号代码,the code of the published year (nianhao),,,,,TEXT_CODES
c_pub_nh_year,出版年,the published year (nianhao),,,,,TEXT_CODES
c_pub_range_code,出版年范围,the range of the year of the text was published,,,,,TEXT_CODES
c_pub_loc,出版地,the location where the text was published,,,,,TEXT_CODES
c_publisher,出版机构,the publisher of the text,,,,,TEXT_CODES
c_pub_notes,出版信息备注,the notes while publishing,,,,,TEXT_CODES
c_url_api,资料来源API,the source API,,,,,TEXT_CODES
c_url_homepage,资料来源网站,the source website,,,,,TEXT_CODES
c_number,数量,,,,,?,TEXT_CODES
c_counter,单位,,,,,?,TEXT_CODES
c_title_alt_chn,文本标题中文别名,alternative title of the text in chinese,,,,,TEXT_CODES
c_role_id,人物在文本创建中的角色ID,the ID of the role that a person plays while creating the text,,,,,TEXT_DATA
c_range_code,年份范围代码,the code of the year range,,,,,TEXT_DATA
c_text_edition_id,版本ID,text edition ID,,,,,TEXT_INSTANCE_DATA
c_text_instance_id,版本实例ID,text instance ID,,,,,TEXT_INSTANCE_DATA
c_instance_title_chn,版本实例的中文名,title of the text in chinese,,,,,TEXT_INSTANCE_DATA
c_instance_title,版本实例的拼音,title of the text,,,,,TEXT_INSTANCE_DATA
c_instance_title_trans,版本实例的译名,translation of the title of the text,,,,,TEXT_INSTANCE_DATA
c_part_of_instance,丛书实例ID,collectanea instance ID,,,,,TEXT_INSTANCE_DATA
c_part_of_instance_notes,丛书实例备注,collectanea instance notes,,,,,TEXT_INSTANCE_DATA
c_print,版本信息,text instance information,,,,"For example, 武英殿木活字本;江西書局本;福建本;廣雅書局本",TEXT_INSTANCE_DATA
c_role_desc,对人物在文本编纂中的作用的介绍,the description of various roles regarding text edit,,,,,TEXT_ROLE_CODES
c_role_desc_chn,对人物在文本编纂中的作用的中文介绍,the chinese description of various roles regarding text edit,,,,,TEXT_ROLE_CODES
c_text_type_code,文本类型代码,the code of various text types,,,,,TEXT_TYPE
c_text_type_desc,文本类型介绍,the description of various text types,,,,,TEXT_TYPE
c_text_type_desc_chn,文本类型中文介绍,the Chinese description of various text types,,,,,TEXT_TYPE
c_text_type_parent_id,书籍分类上层ID,the ID of the upper unit that the text type belongs to,,,,,TEXT_TYPE
c_text_type_level,书籍分类层数,the levels of the text types,,,,,TEXT_TYPE
c_text_type_sortorder,书籍分类顺序,the sorted order of text types,,,,,TEXT_TYPE
c_range,范围,range,,,,,YEAR_RANGE_CODES
c_range_chn,范围中文,range in Chinese,,,,,YEAR_RANGE_CODES
c_approx,时间的相对准确度,relative degree of exactness of a date,,,,,YEAR_RANGE_CODES
c_approx_chn,时间的相对准确度的中文,relative degree of exactness of a date in Chinese,,,,,YEAR_RANGE_CODES
